Date,Brand,Model,Color,RAM,ROM,Ratings out of 5,Price,Sponsored,Model_Specs
2021-02-10,iqoo,iqoo 7 legend 5g,White,8GB,128GB,4.3,39990.0,No,iqoo 7 legend 5g|White|8GB|128GB
2021-02-10,iqoo,iqoo z3 5g,Cyber Blue,8GB,256GB,4.3,20990.0,No,iqoo z3 5g|Cyber Blue|8GB|256GB
2021-02-10,mi,mi 10,Coral Green,8GB,128GB,4.0,49999.0,No,mi 10|Coral Green|8GB|128GB
2021-02-10,mi,mi 10,Coral Green,8GB,256GB,4.0,54999.0,No,mi 10|Coral Green|8GB|256GB
2021-02-10,mi,mi 11x 5g,Celestial Silver,6GB,128GB,4.0,26999.0,No,mi 11x 5g|Celestial Silver|6GB|128GB
2021-02-10,mi,mi 11x 5g,Cosmic Black,6GB,128GB,4.0,26999.0,No,mi 11x 5g|Cosmic Black|6GB|128GB
2021-02-10,oneplus,oneplus 9 5g,Arctic Sky,12GB,256GB,4.2,51999.0,No,oneplus 9 5g|Arctic Sky|12GB|256GB
2021-02-10,oneplus,oneplus 9 5g,Arctic Sky,8GB,128GB,4.2,46999.0,No,oneplus 9 5g|Arctic Sky|8GB|128GB
2021-02-10,oneplus,oneplus 9 5g,Astral Black,12GB,256GB,4.2,51999.0,No,oneplus 9 5g|Astral Black|12GB|256GB
2021-02-10,oneplus,oneplus 9 5g,Astral Black,8GB,128GB,4.2,46999.0,No,oneplus 9 5g|Astral Black|8GB|128GB
2021-02-10,oneplus,oneplus 9 5g,Winter Mist,12GB,256GB,4.2,51999.0,No,oneplus 9 5g|Winter Mist|12GB|256GB
2021-02-10,oneplus,oneplus 9 pro 5g,Morning Mist,12GB,256GB,4.3,65999.0,No,oneplus 9 pro 5g|Morning Mist|12GB|256GB
2021-02-10,oneplus,oneplus 9 pro 5g,Morning Mist,8GB,128GB,4.3,60999.0,No,oneplus 9 pro 5g|Morning Mist|8GB|128GB
2021-02-10,oneplus,oneplus 9 pro 5g,Pine Green,12GB,256GB,4.3,65999.0,No,oneplus 9 pro 5g|Pine Green|12GB|256GB
2021-02-10,oneplus,oneplus 9 pro 5g,Pine Green,8GB,128GB,4.3,60999.0,No,oneplus 9 pro 5g|Pine Green|8GB|128GB
2021-02-10,oneplus,oneplus 9 pro 5g,Stellar Black,12GB,256GB,4.3,65999.0,No,oneplus 9 pro 5g|Stellar Black|12GB|256GB
2021-02-10,oneplus,oneplus 9 pro 5g,Stellar Black,8GB,128GB,4.3,60999.0,No,oneplus 9 pro 5g|Stellar Black|8GB|128GB
2021-02-10,oneplus,oneplus 9r 5g,Carbon Black,12GB,256GB,4.4,40999.0,No,oneplus 9r 5g|Carbon Black|12GB|256GB
2021-02-10,oneplus,oneplus 9r 5g,Carbon Black,8GB,128GB,4.1,36999.0,No,oneplus 9r 5g|Carbon Black|8GB|128GB
2021-02-10,oneplus,oneplus 9r 5g,Lake Blue,12GB,256GB,4.4,40999.0,No,oneplus 9r 5g|Lake Blue|12GB|256GB
2021-02-10,oneplus,oneplus 9r 5g,Lake Blue,8GB,128GB,4.4,36999.0,No,oneplus 9r 5g|Lake Blue|8GB|128GB
2021-02-10,oneplus,oneplus nord 2 5g,Blue Haze,8GB,128GB,4.3,29999.0,No,oneplus nord 2 5g|Blue Haze|8GB|128GB
2021-02-10,oneplus,oneplus nord 2 5g,Gray Sierra,8GB,128GB,4.3,29999.0,No,oneplus nord 2 5g|Gray Sierra|8GB|128GB
2021-02-10,oneplus,oneplus nord ce 5g,Blue Void,8GB,128GB,4.1,24999.0,No,oneplus nord ce 5g|Blue Void|8GB|128GB
2021-02-10,oneplus,oneplus nord ce 5g,Charcoal Ink,8GB,128GB,4.1,24999.0,No,oneplus nord ce 5g|Charcoal Ink|8GB|128GB
2021-02-10,oppo,oppo a15,Dynamic Black,2GB,32GB,4.2,9490.0,No,oppo a15|Dynamic Black|2GB|32GB
2021-02-10,oppo,oppo a15,Mystery Blue,3GB,32GB,4.2,10990.0,No,oppo a15|Mystery Blue|3GB|32GB
2021-02-10,oppo,oppo a15,Rainbow Silver,2GB,32GB,4.2,9490.0,No,oppo a15|Rainbow Silver|2GB|32GB
2021-02-10,oppo,oppo a31,Fantasy White,6GB,128GB,4.2,11490.0,No,oppo a31|Fantasy White|6GB|128GB
2021-02-10,oppo,oppo a52,Twilight Black,6GB,128GB,4.3,14990.0,No,oppo a52|Twilight Black|6GB|128GB
2021-02-10,oppo,oppo f11 pro,Aurora Green,6GB,128GB,4.3,26999.0,No,oppo f11 pro|Aurora Green|6GB|128GB
2021-02-10,oppo,oppo f11 pro,Aurora Green,6GB,64GB,4.3,25999.0,No,oppo f11 pro|Aurora Green|6GB|64GB
2021-02-10,oppo,oppo f11 pro,Thunder Black,6GB,128GB,4.3,27980.0,No,oppo f11 pro|Thunder Black|6GB|128GB
2021-02-10,oppo,oppo f11 pro,Thunder Black,6GB,64GB,4.3,19180.0,No,oppo f11 pro|Thunder Black|6GB|64GB
2021-02-10,oppo,oppo find x,Bordeaux Red,8GB,256GB,4.4,47999.0,No,oppo find x|Bordeaux Red|8GB|256GB
2021-02-10,oppo,oppo reno 6 pro 5g,Aurora,12GB,256GB,4.4,39999.0,No,oppo reno 6 pro 5g|Aurora|12GB|256GB
2021-02-10,realme,realme c11,Cool Blue,2GB,32GB,4.1,7299.0,No,realme c11|Cool Blue|2GB|32GB
2021-02-10,realme,realme gt,Grey,8GB,128GB,4.5,40499.0,No,realme gt|Grey|8GB|128GB
2021-02-10,realme,realme u1,Ambitious Black,4GB,64GB,4.3,15499.0,No,realme u1|Ambitious Black|4GB|64GB
2021-02-10,realme,realme x50 pro,Moss Green,12GB,256GB,4.3,45999.0,No,realme x50 pro|Moss Green|12GB|256GB
2021-02-10,redmi,redmi 10 prime,Bifrost Blue,4GB,64GB,3.5,11999.0,No,redmi 10 prime|Bifrost Blue|4GB|64GB
2021-02-10,redmi,redmi 10 prime,Phantom Black,4GB,64GB,3.5,11999.0,No,redmi 10 prime|Phantom Black|4GB|64GB
2021-02-10,redmi,redmi 9,Carbon Black,4GB,64GB,4.2,8499.0,No,redmi 9|Carbon Black|4GB|64GB
2021-02-10,redmi,redmi 9,Sky Blue,4GB,64GB,4.2,8499.0,No,redmi 9|Sky Blue|4GB|64GB
2021-02-10,redmi,redmi 9,Sporty Orange,4GB,64GB,4.2,8499.0,No,redmi 9|Sporty Orange|4GB|64GB
2021-02-10,redmi,redmi 9 power,Blazing Blue,4GB,64GB,4.2,10499.0,No,redmi 9 power|Blazing Blue|4GB|64GB
2021-02-10,redmi,redmi 9 power,Fiery Red,4GB,64GB,4.2,10499.0,No,redmi 9 power|Fiery Red|4GB|64GB
2021-02-10,redmi,redmi 9 power,Mighty Black,4GB,64GB,4.2,10499.0,No,redmi 9 power|Mighty Black|4GB|64GB
2021-02-10,redmi,redmi 9 prime,Matte Black,4GB,64GB,4.3,9999.0,No,redmi 9 prime|Matte Black|4GB|64GB
2021-02-10,redmi,redmi 9 prime,Mint Green,4GB,64GB,3.0,9999.0,No,redmi 9 prime|Mint Green|4GB|64GB
2021-02-10,redmi,redmi 9 prime,Mint Green,4GB,64GB,4.3,9999.0,No,redmi 9 prime|Mint Green|4GB|64GB
2021-02-10,redmi,redmi 9 prime,Space Blue,4GB,64GB,4.0,9999.0,No,redmi 9 prime|Space Blue|4GB|64GB
2021-02-10,redmi,redmi 9 prime,Space Blue,4GB,64GB,4.3,9999.0,No,redmi 9 prime|Space Blue|4GB|64GB
2021-02-10,redmi,redmi 9 prime,Sunrise Flare,4GB,64GB,4.3,9999.0,No,redmi 9 prime|Sunrise Flare|4GB|64GB
2021-02-10,redmi,redmi 9a,Midnight Black,2GB,32GB,4.2,6799.0,No,redmi 9a|Midnight Black|2GB|32GB
2021-02-10,redmi,redmi 9a,Nature Green,2GB,32GB,4.2,6799.0,No,redmi 9a|Nature Green|2GB|32GB
2021-02-10,redmi,redmi 9a,Sea Blue,2GB,32GB,4.2,6799.0,No,redmi 9a|Sea Blue|2GB|32GB
2021-02-10,redmi,redmi note 10,Aqua Green,4GB,64GB,4.2,13999.0,No,redmi note 10|Aqua Green|4GB|64GB
2021-02-10,redmi,redmi note 10 pro,Dark Night,6GB,128GB,4.2,16499.0,No,redmi note 10 pro|Dark Night|6GB|128GB
2021-02-10,redmi,redmi note 10 pro,Glacial Blue,6GB,128GB,4.2,16499.0,No,redmi note 10 pro|Glacial Blue|6GB|128GB
2021-02-10,redmi,redmi note 10 pro,Vintage Bronze,6GB,128GB,4.2,16499.0,No,redmi note 10 pro|Vintage Bronze|6GB|128GB
2021-02-10,redmi,redmi note 10 pro max,Dark Night,6GB,128GB,4.1,18999.0,No,redmi note 10 pro max|Dark Night|6GB|128GB
2021-02-10,redmi,redmi note 10 pro max,Vintage Bronze,6GB,128GB,4.3,18999.0,No,redmi note 10 pro max|Vintage Bronze|6GB|128GB
2021-02-10,redmi,redmi note 10s,Deep Sea Blue,6GB,64GB,4.1,12999.0,No,redmi note 10s|Deep Sea Blue|6GB|64GB
2021-02-10,redmi,redmi note 10s,Frost White,6GB,64GB,4.1,12999.0,No,redmi note 10s|Frost White|6GB|64GB
2021-02-10,redmi,redmi note 10s,Shadow Black,6GB,64GB,4.1,12999.0,No,redmi note 10s|Shadow Black|6GB|64GB
2021-02-10,redmi,redmi note 5 pro,Gold,4GB,64GB,4.3,13990.0,No,redmi note 5 pro|Gold|4GB|64GB
2021-02-10,redmi,redmi note 5 pro,Rose Gold,4GB,64GB,4.3,13990.0,No,redmi note 5 pro|Rose Gold|4GB|64GB
2021-02-10,redmi,redmi note 8,Cosmic Purple,6GB,128GB,4.3,14990.0,No,redmi note 8|Cosmic Purple|6GB|128GB
2021-02-10,redmi,redmi note 8,Moonlight White,6GB,128GB,4.3,14999.0,No,redmi note 8|Moonlight White|6GB|128GB
2021-02-10,redmi,redmi note 8,Neptune Blue,6GB,128GB,4.3,14990.0,No,redmi note 8|Neptune Blue|6GB|128GB
2021-02-10,redmi,redmi note 8,Space Black,6GB,128GB,4.3,15900.0,No,redmi note 8|Space Black|6GB|128GB
2021-02-10,redmi,redmi note 9,Pebble Grey,4GB,128GB,4.3,12999.0,No,redmi note 9|Pebble Grey|4GB|128GB
2021-02-10,samsung,samsung galaxy m12,Black,4GB,64GB,4.1,9499.0,No,samsung galaxy m12|Black|4GB|64GB
2021-02-10,samsung,samsung galaxy m12,Black,6GB,128GB,4.1,11499.0,No,samsung galaxy m12|Black|6GB|128GB
2021-02-10,samsung,samsung galaxy m12,Blue,4GB,64GB,4.1,9499.0,No,samsung galaxy m12|Blue|4GB|64GB
2021-02-10,samsung,samsung galaxy m12,Blue,6GB,128GB,4.1,11499.0,No,samsung galaxy m12|Blue|6GB|128GB
2021-02-10,samsung,samsung galaxy m12,White,4GB,64GB,4.1,9499.0,No,samsung galaxy m12|White|4GB|64GB
2021-02-10,samsung,samsung galaxy m21 2021 edition,Arctic Blue,4GB,64GB,4.3,12499.0,No,samsung galaxy m21 2021 edition|Arctic Blue|4GB|64GB
2021-02-10,samsung,samsung galaxy m30s,Sapphire Blue,6GB,128GB,4.3,17999.0,No,samsung galaxy m30s|Sapphire Blue|6GB|128GB
2021-02-10,samsung,samsung galaxy m31,Ocean Blue,8GB,128GB,4.2,16999.0,No,samsung galaxy m31|Ocean Blue|8GB|128GB
2021-02-10,samsung,samsung galaxy m32,Black,4GB,64GB,4.2,12499.0,No,samsung galaxy m32|Black|4GB|64GB
2021-02-10,samsung,samsung galaxy m32,Black,6GB,128GB,4.2,14499.0,No,samsung galaxy m32|Black|6GB|128GB
2021-02-10,samsung,samsung galaxy m32,Light Blue,4GB,64GB,4.2,12499.0,No,samsung galaxy m32|Light Blue|4GB|64GB
2021-02-10,samsung,samsung galaxy m32,Light Blue,6GB,128GB,4.2,14499.0,No,samsung galaxy m32|Light Blue|6GB|128GB
2021-02-10,samsung,samsung galaxy m32 5g,Sky Blue,6GB,128GB,4.1,16999.0,No,samsung galaxy m32 5g|Sky Blue|6GB|128GB
2021-02-10,samsung,samsung galaxy m32 5g,Slate Black,6GB,128GB,4.1,16999.0,No,samsung galaxy m32 5g|Slate Black|6GB|128GB
2021-02-10,samsung,samsung galaxy m52 5g,Blazing Black,6GB,128GB,4.2,26999.0,No,samsung galaxy m52 5g|Blazing Black|6GB|128GB
2021-02-10,samsung,samsung galaxy m52 5g,ICY Blue,6GB,128GB,4.4,26999.0,No,samsung galaxy m52 5g|ICY Blue|6GB|128GB
2021-02-10,samsung,samsung galaxy s20 fe 5g,Cloud Green,8GB,128GB,4.4,36990.0,No,samsung galaxy s20 fe 5g|Cloud Green|8GB|128GB
2021-02-10,samsung,samsung galaxy s20 fe 5g,Cloud Navy,8GB,128GB,4.4,36990.0,No,samsung galaxy s20 fe 5g|Cloud Navy|8GB|128GB
2021-02-10,vivo,vivo u20,Blazing Blue,4GB,64GB,4.3,15000.0,No,vivo u20|Blazing Blue|4GB|64GB
2021-02-10,vivo,vivo u20,Blazing Blue,6GB,64GB,4.3,21000.0,No,vivo u20|Blazing Blue|6GB|64GB
2021-02-10,vivo,vivo u20,Racing Black,4GB,64GB,4.3,15000.0,No,vivo u20|Racing Black|4GB|64GB
2021-02-10,vivo,vivo u20,Racing Black,6GB,64GB,4.3,15000.0,No,vivo u20|Racing Black|6GB|64GB
2021-02-10,vivo,vivo v15 pro,Ruby Red,6GB,128GB,4.3,28000.0,No,vivo v15 pro|Ruby Red|6GB|128GB
2021-02-10,vivo,vivo v15 pro,Topaz Blue,6GB,128GB,4.3,16999.0,No,vivo v15 pro|Topaz Blue|6GB|128GB
2021-02-10,vivo,vivo v15 pro,Topaz Blue,8GB,128GB,4.3,25000.0,No,vivo v15 pro|Topaz Blue|8GB|128GB
2021-02-10,vivo,vivo x60,Midnight Black,12GB,256GB,4.3,39990.0,No,vivo x60|Midnight Black|12GB|256GB
2021-02-10,vivo,vivo x60,Shimmer Blue,12GB,256GB,4.0,39990.0,No,vivo x60|Shimmer Blue|12GB|256GB
2021-02-10,vivo,vivo x60 pro,Midnight Black,12GB,256GB,4.4,49990.0,No,vivo x60 pro|Midnight Black|12GB|256GB
2021-02-10,vivo,vivo x60 pro,Shimmer Blue,12GB,256GB,4.4,48990.0,No,vivo x60 pro|Shimmer Blue|12GB|256GB
2021-02-10,vivo,vivo y12s,Glacier Blue,"3GB,",32GB,4.2,10990.0,No,"vivo y12s|Glacier Blue|3GB,|32GB"
2021-02-10,vivo,vivo y12s,Phantom Black,"3GB,",32GB,4.2,10990.0,No,"vivo y12s|Phantom Black|3GB,|32GB"
2021-02-10,vivo,vivo y1s,Aurora Blue,3GB,32GB,4.1,9490.0,No,vivo y1s|Aurora Blue|3GB|32GB
2021-02-10,vivo,vivo y1s,Olive Black,3GB,32GB,4.1,9490.0,No,vivo y1s|Olive Black|3GB|32GB
2021-05-10,iqoo,iqoo 7 5g,Solid Ice Blue,12GB,256GB,4.5,33990.0,No,iqoo 7 5g|Solid Ice Blue|12GB|256GB
2021-05-10,iqoo,iqoo 7 5g,Solid Ice Blue,8GB,128GB,4.5,29990.0,No,iqoo 7 5g|Solid Ice Blue|8GB|128GB
2021-05-10,iqoo,iqoo 7 5g,Solid Ice Blue,8GB,256GB,4.5,31990.0,No,iqoo 7 5g|Solid Ice Blue|8GB|256GB
2021-05-10,iqoo,iqoo 7 5g,Storm Black,12GB,256GB,4.5,33990.0,No,iqoo 7 5g|Storm Black|12GB|256GB
2021-05-10,iqoo,iqoo 7 5g,Storm Black,8GB,128GB,4.5,29990.0,No,iqoo 7 5g|Storm Black|8GB|128GB
2021-05-10,iqoo,iqoo 7 5g,Storm Black,8GB,256GB,4.5,31990.0,No,iqoo 7 5g|Storm Black|8GB|256GB
2021-05-10,iqoo,iqoo 7 legend 5g,Legendary Track Design,8GB,128GB,4.4,39990.0,No,iqoo 7 legend 5g|Legendary Track Design|8GB|128GB
2021-05-10,iqoo,iqoo z3 5g,Ace Black,8GB,128GB,4.3,18990.0,No,iqoo z3 5g|Ace Black|8GB|128GB
2021-05-10,iqoo,iqoo z5 5g,Arctic Dawn,12GB,256GB,4.1,26990.0,No,iqoo z5 5g|Arctic Dawn|12GB|256GB
2021-05-10,iqoo,iqoo z5 5g,Mystic Space,8GB,128GB,4.2,23990.0,No,iqoo z5 5g|Mystic Space|8GB|128GB
2021-05-10,mi,mi 11x 5g,Celestial Silver,6GB,128GB,4.0,26999.0,No,mi 11x 5g|Celestial Silver|6GB|128GB
2021-05-10,mi,mi 11x 5g,Celestial Silver,8GB,128GB,4.0,28999.0,No,mi 11x 5g|Celestial Silver|8GB|128GB
2021-05-10,mi,mi 11x 5g,Celestial Silver,8GB,128GB,4.3,28999.0,No,mi 11x 5g|Celestial Silver|8GB|128GB
2021-05-10,mi,mi 11x 5g,Cosmic Black,6GB,128GB,4.0,26999.0,No,mi 11x 5g|Cosmic Black|6GB|128GB
2021-05-10,mi,mi 11x 5g,Cosmic Black,8GB,128GB,4.0,28999.0,No,mi 11x 5g|Cosmic Black|8GB|128GB
2021-05-10,mi,mi 11x 5g,Cosmic Black,8GB,128GB,4.1,28999.0,No,mi 11x 5g|Cosmic Black|8GB|128GB
2021-05-10,mi,mi 11x 5g,Lunar White,6GB,128GB,4.0,26999.0,No,mi 11x 5g|Lunar White|6GB|128GB
2021-05-10,mi,mi 11x 5g,Lunar White,8GB,128GB,4.0,28999.0,No,mi 11x 5g|Lunar White|8GB|128GB
2021-05-10,mi,mi 11x pro 5g,Celestial Silver,8GB,128GB,3.9,36999.0,No,mi 11x pro 5g|Celestial Silver|8GB|128GB
2021-05-10,mi,mi 11x pro 5g,Cosmic Black,8GB,128GB,3.9,36999.0,No,mi 11x pro 5g|Cosmic Black|8GB|128GB
2021-05-10,mi,mi 11x pro 5g,Cosmic Black,8GB,256GB,3.9,38999.0,No,mi 11x pro 5g|Cosmic Black|8GB|256GB
2021-05-10,mi,mi 11x pro 5g,Lunar White,8GB,128GB,3.9,36999.0,No,mi 11x pro 5g|Lunar White|8GB|128GB
2021-05-10,oneplus,oneplus 8t 5g,Lunar Silver,8GB,128GB,4.4,38999.0,No,oneplus 8t 5g|Lunar Silver|8GB|128GB
2021-05-10,oneplus,oneplus 9 5g,Arctic Sky,12GB,256GB,4.2,51999.0,No,oneplus 9 5g|Arctic Sky|12GB|256GB
2021-05-10,oneplus,oneplus 9 5g,Arctic Sky,8GB,128GB,4.0,46999.0,No,oneplus 9 5g|Arctic Sky|8GB|128GB
2021-05-10,oneplus,oneplus 9 5g,Arctic Sky,8GB,128GB,4.2,46999.0,No,oneplus 9 5g|Arctic Sky|8GB|128GB
2021-05-10,oneplus,oneplus 9 5g,Astral Black,8GB,128GB,4.2,46999.0,No,oneplus 9 5g|Astral Black|8GB|128GB
2021-05-10,oneplus,oneplus 9 pro 5g,Morning Mist,12GB,256GB,4.3,65999.0,No,oneplus 9 pro 5g|Morning Mist|12GB|256GB
2021-05-10,oneplus,oneplus 9 pro 5g,Morning Mist,8GB,128GB,4.3,60999.0,No,oneplus 9 pro 5g|Morning Mist|8GB|128GB
2021-05-10,oneplus,oneplus 9 pro 5g,Pine Green,12GB,256GB,4.3,65999.0,No,oneplus 9 pro 5g|Pine Green|12GB|256GB
2021-05-10,oneplus,oneplus 9 pro 5g,Pine Green,8GB,128GB,4.3,60999.0,No,oneplus 9 pro 5g|Pine Green|8GB|128GB
2021-05-10,oneplus,oneplus 9 pro 5g,Stellar Black,12GB,256GB,4.3,65999.0,No,oneplus 9 pro 5g|Stellar Black|12GB|256GB
2021-05-10,oneplus,oneplus 9 pro 5g,Stellar Black,8GB,128GB,4.3,60999.0,No,oneplus 9 pro 5g|Stellar Black|8GB|128GB
2021-05-10,oneplus,oneplus 9r 5g,Carbon Black,8GB,128GB,4.4,36999.0,No,oneplus 9r 5g|Carbon Black|8GB|128GB
2021-05-10,oneplus,oneplus 9r 5g,Lake Blue,12GB,256GB,3.6,40999.0,No,oneplus 9r 5g|Lake Blue|12GB|256GB
2021-05-10,oneplus,oneplus 9r 5g,Lake Blue,12GB,256GB,4.4,40999.0,No,oneplus 9r 5g|Lake Blue|12GB|256GB
2021-05-10,oneplus,oneplus 9r 5g,Lake Blue,8GB,128GB,4.4,36999.0,No,oneplus 9r 5g|Lake Blue|8GB|128GB
2021-05-10,oneplus,oneplus nord 2 5g,Blue Haze,8GB,128GB,4.3,29999.0,No,oneplus nord 2 5g|Blue Haze|8GB|128GB
2021-05-10,oppo,oppo a11k,Flowing Silver,2GB,32GB,4.1,8990.0,No,oppo a11k|Flowing Silver|2GB|32GB
2021-05-10,oppo,oppo a15s,Dynamic Black,4GB,64GB,4.1,12990.0,No,oppo a15s|Dynamic Black|4GB|64GB
2021-05-10,oppo,oppo a31,Fantasy White,6GB,128GB,4.2,11490.0,No,oppo a31|Fantasy White|6GB|128GB
2021-05-10,oppo,oppo a31,Mystery Black,6GB,128GB,4.2,11490.0,No,oppo a31|Mystery Black|6GB|128GB
2021-05-10,oppo,oppo a74 5g,Fluid Black,6GB,128GB,4.2,15990.0,No,oppo a74 5g|Fluid Black|6GB|128GB
2021-05-10,oppo,oppo f19,Space Silver,6GB,128GB,4.1,19990.0,No,oppo f19|Space Silver|6GB|128GB
2021-05-10,realme,realme narzo 30,Racing Sliver,4GB,64GB,4.1,14490.0,No,realme narzo 30|Racing Sliver|4GB|64GB
2021-05-10,realme,realme narzo 50a,Oxygen Blue,4GB,128GB,4.2,12499.0,No,realme narzo 50a|Oxygen Blue|4GB|128GB
2021-05-10,realme,realme narzo 50a,Oxygen Blue,4GB,64GB,4.2,11499.0,No,realme narzo 50a|Oxygen Blue|4GB|64GB
2021-05-10,realme,realme narzo 50a,Oxygen Green,4GB,128GB,4.2,12499.0,No,realme narzo 50a|Oxygen Green|4GB|128GB
2021-05-10,realme,realme narzo 50a,Oxygen Green,4GB,64GB,4.3,11499.0,No,realme narzo 50a|Oxygen Green|4GB|64GB
2021-05-10,realme,realme narzo 50i,Carbon Black,2GB,32GB,4.0,7499.0,No,realme narzo 50i|Carbon Black|2GB|32GB
2021-05-10,realme,realme narzo 50i,Carbon Black,2GB,32GB,4.2,7499.0,No,realme narzo 50i|Carbon Black|2GB|32GB
2021-05-10,realme,realme narzo 50i,Carbon Black,4GB,64GB,4.2,8999.0,No,realme narzo 50i|Carbon Black|4GB|64GB
2021-05-10,realme,realme narzo 50i,Mint Green,2GB,32GB,4.1,7499.0,No,realme narzo 50i|Mint Green|2GB|32GB
2021-05-10,realme,realme narzo 50i,Mint Green,4GB,64GB,4.1,8999.0,No,realme narzo 50i|Mint Green|4GB|64GB
2021-05-10,redmi,redmi 10,Prime Phantom Black,6GB,128GB,4.1,14499.0,No,redmi 10|Prime Phantom Black|6GB|128GB
2021-05-10,redmi,redmi 10 prime,Astral White,4GB,64GB,4.2,11999.0,No,redmi 10 prime|Astral White|4GB|64GB
2021-05-10,redmi,redmi 10 prime,Bifrost Blue,4GB,64GB,4.2,11999.0,No,redmi 10 prime|Bifrost Blue|4GB|64GB
2021-05-10,redmi,redmi 10 prime,Bifrost Blue,6GB,128GB,4.4,14499.0,No,redmi 10 prime|Bifrost Blue|6GB|128GB
2021-05-10,redmi,redmi 10 prime,Phantom Black,4GB,64GB,3.6,11999.0,No,redmi 10 prime|Phantom Black|4GB|64GB
2021-05-10,redmi,redmi 9,Carbon Black,4GB,64GB,4.3,8499.0,No,redmi 9|Carbon Black|4GB|64GB
2021-05-10,redmi,redmi 9,Sky Blue,4GB,64GB,4.3,8499.0,No,redmi 9|Sky Blue|4GB|64GB
2021-05-10,redmi,redmi 9 power,Blazing Blue,4GB,64GB,4.2,10499.0,No,redmi 9 power|Blazing Blue|4GB|64GB
2021-05-10,redmi,redmi 9 power,Fiery Red,4GB,64GB,4.4,10499.0,No,redmi 9 power|Fiery Red|4GB|64GB
2021-05-10,redmi,redmi 9 power,Mighty Black,4GB,64GB,4.2,10499.0,No,redmi 9 power|Mighty Black|4GB|64GB
2021-05-10,redmi,redmi 9 prime,Matte Black,4GB,64GB,4.2,9999.0,No,redmi 9 prime|Matte Black|4GB|64GB
2021-05-10,redmi,redmi 9 prime,Matte Black,4GB,64GB,4.3,9999.0,No,redmi 9 prime|Matte Black|4GB|64GB
2021-05-10,redmi,redmi 9 prime,Mint Green,4GB,64GB,4.2,9999.0,No,redmi 9 prime|Mint Green|4GB|64GB
2021-05-10,redmi,redmi 9 prime,Space Blue,4GB,64GB,4.2,9999.0,No,redmi 9 prime|Space Blue|4GB|64GB
2021-05-10,redmi,redmi 9 prime,Sunrise Flare,4GB,64GB,3.6,9999.0,No,redmi 9 prime|Sunrise Flare|4GB|64GB
2021-05-10,redmi,redmi 9 prime,Sunrise Flare,4GB,64GB,4.2,9999.0,No,redmi 9 prime|Sunrise Flare|4GB|64GB
2021-05-10,redmi,redmi 9a,Nature Green,2GB,32GB,4.2,6799.0,No,redmi 9a|Nature Green|2GB|32GB
2021-05-10,redmi,redmi 9a,Sea Blue,2GB,32GB,4.2,6799.0,No,redmi 9a|Sea Blue|2GB|32GB
2021-05-10,redmi,redmi note 10 pro,Dark Night,6GB,128GB,4.2,16999.0,No,redmi note 10 pro|Dark Night|6GB|128GB
2021-05-10,redmi,redmi note 10 pro,Vintage Bronze,6GB,128GB,4.2,16999.0,No,redmi note 10 pro|Vintage Bronze|6GB|128GB
2021-05-10,redmi,redmi note 10 pro max,Dark Night,6GB,128GB,4.1,18999.0,No,redmi note 10 pro max|Dark Night|6GB|128GB
2021-05-10,redmi,redmi note 10 pro max,Vintage Bronze,6GB,128GB,4.1,18999.0,No,redmi note 10 pro max|Vintage Bronze|6GB|128GB
2021-05-10,redmi,redmi note 10s,Deep Sea Blue,6GB,128GB,4.1,15999.0,No,redmi note 10s|Deep Sea Blue|6GB|128GB
2021-05-10,redmi,redmi note 10s,Deep Sea Blue,6GB,128GB,4.2,15999.0,No,redmi note 10s|Deep Sea Blue|6GB|128GB
2021-05-10,redmi,redmi note 10s,Deep Sea Blue,6GB,64GB,4.1,12999.0,No,redmi note 10s|Deep Sea Blue|6GB|64GB
2021-05-10,redmi,redmi note 10s,Frost White,6GB,128GB,4.1,15999.0,No,redmi note 10s|Frost White|6GB|128GB
2021-05-10,redmi,redmi note 10s,Frost White,6GB,64GB,4.1,12999.0,No,redmi note 10s|Frost White|6GB|64GB
2021-05-10,redmi,redmi note 10s,Shadow Black,6GB,128GB,4.1,15999.0,No,redmi note 10s|Shadow Black|6GB|128GB
2021-05-10,redmi,redmi note 10s,Shadow Black,6GB,128GB,4.2,15999.0,No,redmi note 10s|Shadow Black|6GB|128GB
2021-05-10,redmi,redmi note 10s,Shadow Black,6GB,64GB,4.1,12999.0,No,redmi note 10s|Shadow Black|6GB|64GB
2021-05-10,redmi,redmi note 10t 5g,Graphite Black,4GB,64GB,4.1,14999.0,No,redmi note 10t 5g|Graphite Black|4GB|64GB
2021-05-10,redmi,redmi note 10t 5g,Graphite Black,6GB,128GB,4.1,16999.0,No,redmi note 10t 5g|Graphite Black|6GB|128GB
2021-05-10,redmi,redmi note 10t 5g,Metallic Blue,4GB,64GB,4.1,14999.0,No,redmi note 10t 5g|Metallic Blue|4GB|64GB
2021-05-10,redmi,redmi note 10t 5g,Metallic Blue,6GB,128GB,4.1,16999.0,No,redmi note 10t 5g|Metallic Blue|6GB|128GB
2021-05-10,redmi,redmi note 10t 5g,Mint Green,4GB,64GB,4.1,14999.0,No,redmi note 10t 5g|Mint Green|4GB|64GB
2021-05-10,redmi,redmi note 10t 5g,Mint Green,6GB,128GB,4.1,16999.0,No,redmi note 10t 5g|Mint Green|6GB|128GB
2021-05-10,samsung,samsung galaxy a72,Black,8GB,128GB,4.3,34999.0,No,samsung galaxy a72|Black|8GB|128GB
2021-05-10,samsung,samsung galaxy m12,Black,4GB,64GB,4.1,9499.0,No,samsung galaxy m12|Black|4GB|64GB
2021-05-10,samsung,samsung galaxy m12,Black,4GB,64GB,4.3,9499.0,No,samsung galaxy m12|Black|4GB|64GB
2021-05-10,samsung,samsung galaxy m12,Black,6GB,128GB,4.1,11499.0,No,samsung galaxy m12|Black|6GB|128GB
2021-05-10,samsung,samsung galaxy m12,Blue,4GB,64GB,4.1,9499.0,No,samsung galaxy m12|Blue|4GB|64GB
2021-05-10,samsung,samsung galaxy m12,Blue,6GB,128GB,4.1,11499.0,No,samsung galaxy m12|Blue|6GB|128GB
2021-05-10,samsung,samsung galaxy m12,White,4GB,64GB,4.1,9499.0,No,samsung galaxy m12|White|4GB|64GB
2021-05-10,samsung,samsung galaxy m12,White,4GB,64GB,4.3,9499.0,No,samsung galaxy m12|White|4GB|64GB
2021-05-10,samsung,samsung galaxy m12,White,6GB,128GB,4.1,11499.0,No,samsung galaxy m12|White|6GB|128GB
2021-05-10,samsung,samsung galaxy m21 2021 edition,Arctic Blue,4GB,64GB,4.1,12499.0,No,samsung galaxy m21 2021 edition|Arctic Blue|4GB|64GB
2021-05-10,samsung,samsung galaxy m21 2021 edition,Arctic Blue,6GB,128GB,4.0,14499.0,No,samsung galaxy m21 2021 edition|Arctic Blue|6GB|128GB
2021-05-10,samsung,samsung galaxy m21 2021 edition,Charcoal Black,4GB,64GB,4.1,12499.0,No,samsung galaxy m21 2021 edition|Charcoal Black|4GB|64GB
2021-05-10,samsung,samsung galaxy m31,Space Black,8GB,128GB,4.1,16999.0,No,samsung galaxy m31|Space Black|8GB|128GB
2021-05-10,samsung,samsung galaxy m32,Black,4GB,64GB,4.1,12499.0,No,samsung galaxy m32|Black|4GB|64GB
2021-05-10,samsung,samsung galaxy m32,Black,4GB,64GB,4.2,12499.0,No,samsung galaxy m32|Black|4GB|64GB
2021-05-10,samsung,samsung galaxy m32,Black,6GB,128GB,4.2,14499.0,No,samsung galaxy m32|Black|6GB|128GB
2021-05-10,samsung,samsung galaxy m32,Light Blue,4GB,64GB,4.2,12499.0,No,samsung galaxy m32|Light Blue|4GB|64GB
2021-05-10,samsung,samsung galaxy m32,Light Blue,6GB,128GB,4.2,14499.0,No,samsung galaxy m32|Light Blue|6GB|128GB
2021-05-10,samsung,samsung galaxy m32 5g,Sky Blue,6GB,128GB,4.0,16999.0,No,samsung galaxy m32 5g|Sky Blue|6GB|128GB
2021-05-10,samsung,samsung galaxy m32 5g,Slate Black,8GB,128GB,4.0,18999.0,No,samsung galaxy m32 5g|Slate Black|8GB|128GB
2021-05-10,samsung,samsung galaxy m51,Celestial Black,6GB,128GB,4.2,19999.0,No,samsung galaxy m51|Celestial Black|6GB|128GB
2021-05-10,samsung,samsung galaxy m51,Electric Blue,6GB,128GB,4.4,19999.0,No,samsung galaxy m51|Electric Blue|6GB|128GB
2021-05-10,samsung,samsung galaxy m52 5g,Blazing Black,8GB,128GB,4.5,27999.0,No,samsung galaxy m52 5g|Blazing Black|8GB|128GB
2021-05-10,samsung,samsung galaxy m52 5g,Blazing Black,8GB,128GB,4.6,27999.0,No,samsung galaxy m52 5g|Blazing Black|8GB|128GB
2021-05-10,samsung,samsung galaxy m52 5g,ICY Blue,8GB,128GB,4.0,27999.0,No,samsung galaxy m52 5g|ICY Blue|8GB|128GB
2021-05-10,samsung,samsung galaxy m52 5g,ICY Blue,8GB,128GB,4.5,27999.0,No,samsung galaxy m52 5g|ICY Blue|8GB|128GB
2021-05-10,samsung,samsung galaxy s20 fe 5g,Cloud Navy,8GB,128GB,4.4,36990.0,Yes,samsung galaxy s20 fe 5g|Cloud Navy|8GB|128GB
2021-05-10,vivo,vivo v20 pro,Midnight Jazz,8GB,128GB,4.3,29990.0,No,vivo v20 pro|Midnight Jazz|8GB|128GB
2021-05-10,vivo,vivo v21 5g,Arctic White,8GB,128GB,4.1,29990.0,No,vivo v21 5g|Arctic White|8GB|128GB
2021-05-10,vivo,vivo v21 5g,Dusk Blue,8GB,128GB,4.3,29990.0,No,vivo v21 5g|Dusk Blue|8GB|128GB
2021-05-10,vivo,vivo v21 5g,Dusk Blue,8GB,256GB,4.1,32990.0,No,vivo v21 5g|Dusk Blue|8GB|256GB
2021-05-10,vivo,vivo v21 5g,Sunset Dazzle,8GB,128GB,4.1,29990.0,No,vivo v21 5g|Sunset Dazzle|8GB|128GB
2021-05-10,vivo,vivo v21 5g,Sunset Dazzle,8GB,256GB,4.3,32990.0,No,vivo v21 5g|Sunset Dazzle|8GB|256GB
2021-05-10,vivo,vivo x60,Midnight Black,8GB,128GB,4.3,37990.0,No,vivo x60|Midnight Black|8GB|128GB
2021-05-10,vivo,vivo x60,Shimmer Blue,12GB,256GB,4.3,41990.0,No,vivo x60|Shimmer Blue|12GB|256GB
2021-05-10,vivo,vivo x60 pro,Midnight Black,12GB,256GB,4.4,49990.0,No,vivo x60 pro|Midnight Black|12GB|256GB
2021-05-10,vivo,vivo x60 pro,Shimmer Blue,12GB,256GB,4.4,49990.0,No,vivo x60 pro|Shimmer Blue|12GB|256GB
2021-05-10,vivo,vivo y12s,Phantom Black,3GB,32GB,4.2,10990.0,No,vivo y12s|Phantom Black|3GB|32GB
2021-05-10,vivo,vivo y1s,Aurora Blue,3GB,32GB,4.1,9490.0,No,vivo y1s|Aurora Blue|3GB|32GB
2021-05-10,vivo,vivo y1s,Olive Black,3GB,32GB,4.1,9490.0,No,vivo y1s|Olive Black|3GB|32GB
2021-05-10,vivo,vivo y1s,Olive Black,3GB,32GB,4.2,9490.0,No,vivo y1s|Olive Black|3GB|32GB
2021-05-10,vivo,vivo y20a,Dawn White,3GB,64GB,3.6,11990.0,No,vivo y20a|Dawn White|3GB|64GB
2021-05-10,vivo,vivo y20a 2021,Nebula Blue,3GB,64GB,3.6,11990.0,No,vivo y20a 2021|Nebula Blue|3GB|64GB
2021-05-10,vivo,vivo y20g,Obsidiant Black,6GB,128GB,4.1,15990.0,No,vivo y20g|Obsidiant Black|6GB|128GB
2021-05-10,vivo,vivo y20g,Purist Blue,6GB,128GB,4.1,15990.0,No,vivo y20g|Purist Blue|6GB|128GB
2021-05-10,vivo,vivo y21,Diamond Glow,4GB,128GB,4.1,15490.0,No,vivo y21|Diamond Glow|4GB|128GB
2021-05-10,vivo,vivo y21,Diamond Glow,4GB,64GB,4.1,13990.0,No,vivo y21|Diamond Glow|4GB|64GB
2021-05-10,vivo,vivo y21,Midnight Blue,4GB,128GB,4.1,15490.0,No,vivo y21|Midnight Blue|4GB|128GB
2021-05-10,vivo,vivo y21,Midnight Blue,4GB,64GB,4.1,13990.0,No,vivo y21|Midnight Blue|4GB|64GB
2021-05-10,xiaomi,xiaomi 11 lite ne 5g,Diamond Dazzle,6GB,128GB,4.1,26999.0,No,xiaomi 11 lite ne 5g|Diamond Dazzle|6GB|128GB
2021-05-10,xiaomi,xiaomi 11 lite ne 5g,Diamond Dazzle,8GB,128GB,4.1,28999.0,No,xiaomi 11 lite ne 5g|Diamond Dazzle|8GB|128GB
2021-05-10,xiaomi,xiaomi 11 lite ne 5g,Jazz Blue,8GB,128GB,4.1,28999.0,No,xiaomi 11 lite ne 5g|Jazz Blue|8GB|128GB
2021-05-10,xiaomi,xiaomi 11 lite ne 5g,Tuscany Coral,6GB,128GB,4.1,26999.0,No,xiaomi 11 lite ne 5g|Tuscany Coral|6GB|128GB
2021-06-10,iqoo,iqoo 7 5g,Solid Ice Blue,12GB,256GB,4.5,33990.0,No,iqoo 7 5g|Solid Ice Blue|12GB|256GB
2021-06-10,iqoo,iqoo 7 5g,Storm Black,12GB,256GB,4.5,33990.0,No,iqoo 7 5g|Storm Black|12GB|256GB
2021-06-10,iqoo,iqoo 7 legend 5g,Legendary Track Design,8GB,128GB,4.4,39990.0,No,iqoo 7 legend 5g|Legendary Track Design|8GB|128GB
2021-06-10,iqoo,iqoo z3 5g,Ace Black,8GB,256GB,4.3,20990.0,No,iqoo z3 5g|Ace Black|8GB|256GB
2021-06-10,iqoo,iqoo z3 5g,Cyber Blue,8GB,256GB,4.3,20990.0,No,iqoo z3 5g|Cyber Blue|8GB|256GB
2021-06-10,iqoo,iqoo z5 5g,Arctic Dawn,12GB,256GB,0.0,26990.0,No,iqoo z5 5g|Arctic Dawn|12GB|256GB
2021-06-10,iqoo,iqoo z5 5g,Arctic Dawn,8GB,128GB,0.0,23990.0,No,iqoo z5 5g|Arctic Dawn|8GB|128GB
2021-06-10,iqoo,iqoo z5 5g,Mystic Space,8GB,128GB,0.0,23990.0,No,iqoo z5 5g|Mystic Space|8GB|128GB
2021-06-10,mi,mi 10i 5g,Atlantic Blue,6GB,128GB,4.2,21999.0,No,mi 10i 5g|Atlantic Blue|6GB|128GB
2021-06-10,mi,mi 10i 5g,Midnight Black,6GB,128GB,4.2,21999.0,No,mi 10i 5g|Midnight Black|6GB|128GB
2021-06-10,mi,mi 11x 5g,Celestial Silver,6GB,128GB,4.0,26999.0,No,mi 11x 5g|Celestial Silver|6GB|128GB
2021-06-10,mi,mi 11x 5g,Celestial Silver,8GB,128GB,4.0,28999.0,No,mi 11x 5g|Celestial Silver|8GB|128GB
2021-06-10,mi,mi 11x 5g,Cosmic Black,6GB,128GB,4.0,26999.0,Yes,mi 11x 5g|Cosmic Black|6GB|128GB
2021-06-10,mi,mi 11x 5g,Cosmic Black,8GB,128GB,4.0,28999.0,No,mi 11x 5g|Cosmic Black|8GB|128GB
2021-06-10,mi,mi 11x 5g,Lunar White,6GB,128GB,4.0,26999.0,No,mi 11x 5g|Lunar White|6GB|128GB
2021-06-10,mi,mi 11x 5g,Lunar White,8GB,128GB,4.0,28999.0,Yes,mi 11x 5g|Lunar White|8GB|128GB
2021-06-10,mi,mi 11x pro 5g,Celestial Silver,8GB,128GB,3.9,36999.0,No,mi 11x pro 5g|Celestial Silver|8GB|128GB
2021-06-10,mi,mi 11x pro 5g,Cosmic Black,8GB,128GB,3.9,36999.0,No,mi 11x pro 5g|Cosmic Black|8GB|128GB
2021-06-10,mi,mi 11x pro 5g,Cosmic Black,8GB,256GB,3.9,38999.0,No,mi 11x pro 5g|Cosmic Black|8GB|256GB
2021-06-10,mi,mi 11x pro 5g,Lunar White,8GB,128GB,3.9,36999.0,Yes,mi 11x pro 5g|Lunar White|8GB|128GB
2021-06-10,oneplus,oneplus 8t 5g,Lunar Silver,8GB,128GB,4.4,38999.0,No,oneplus 8t 5g|Lunar Silver|8GB|128GB
2021-06-10,oneplus,oneplus 9 5g,Arctic Sky,12GB,256GB,4.2,51999.0,No,oneplus 9 5g|Arctic Sky|12GB|256GB
2021-06-10,oneplus,oneplus 9 5g,Arctic Sky,8GB,128GB,4.2,46999.0,No,oneplus 9 5g|Arctic Sky|8GB|128GB
2021-06-10,oneplus,oneplus 9 5g,Astral Black,8GB,128GB,4.2,46999.0,Yes,oneplus 9 5g|Astral Black|8GB|128GB
2021-06-10,oneplus,oneplus 9 pro 5g,Morning Mist,12GB,256GB,4.3,65999.0,No,oneplus 9 pro 5g|Morning Mist|12GB|256GB
2021-06-10,oneplus,oneplus 9 pro 5g,Morning Mist,8GB,128GB,4.3,60999.0,No,oneplus 9 pro 5g|Morning Mist|8GB|128GB
2021-06-10,oneplus,oneplus 9 pro 5g,Pine Green,12GB,256GB,4.3,65999.0,No,oneplus 9 pro 5g|Pine Green|12GB|256GB
2021-06-10,oneplus,oneplus 9 pro 5g,Pine Green,8GB,128GB,4.3,60999.0,No,oneplus 9 pro 5g|Pine Green|8GB|128GB
2021-06-10,oneplus,oneplus 9 pro 5g,Stellar Black,12GB,256GB,4.3,65999.0,No,oneplus 9 pro 5g|Stellar Black|12GB|256GB
2021-06-10,oneplus,oneplus 9 pro 5g,Stellar Black,8GB,128GB,4.3,60999.0,No,oneplus 9 pro 5g|Stellar Black|8GB|128GB
2021-06-10,oneplus,oneplus 9r 5g,Carbon Black,8GB,128GB,4.4,36999.0,No,oneplus 9r 5g|Carbon Black|8GB|128GB
2021-06-10,oneplus,oneplus 9r 5g,Lake Blue,12GB,256GB,4.4,40999.0,No,oneplus 9r 5g|Lake Blue|12GB|256GB
2021-06-10,oneplus,oneplus 9r 5g,Lake Blue,8GB,128GB,4.4,36999.0,No,oneplus 9r 5g|Lake Blue|8GB|128GB
2021-06-10,oneplus,oneplus nord 2 5g,Blue Haze,8GB,128GB,4.3,29999.0,No,oneplus nord 2 5g|Blue Haze|8GB|128GB
2021-06-10,oneplus,oneplus nord ce 5g,Charcoal Ink,8GB,128GB,4.1,24999.0,No,oneplus nord ce 5g|Charcoal Ink|8GB|128GB
2021-06-10,oppo,oppo a11k,Flowing Silver,2GB,32GB,4.0,8990.0,No,oppo a11k|Flowing Silver|2GB|32GB
2021-06-10,oppo,oppo a15s,Dynamic Black,4GB,64GB,4.2,12990.0,No,oppo a15s|Dynamic Black|4GB|64GB
2021-06-10,oppo,oppo a15s,Fancy White,4GB,64GB,4.2,12990.0,No,oppo a15s|Fancy White|4GB|64GB
2021-06-10,oppo,oppo a15s,Rainbow Silver,4GB,64GB,4.2,12990.0,No,oppo a15s|Rainbow Silver|4GB|64GB
2021-06-10,oppo,oppo a16,Crystal Black,4GB,64GB,4.3,13990.0,No,oppo a16|Crystal Black|4GB|64GB
2021-06-10,oppo,oppo a16,Pearl Blue,4GB,64GB,4.3,13990.0,No,oppo a16|Pearl Blue|4GB|64GB
2021-06-10,oppo,oppo a31,Fantasy White,6GB,128GB,4.2,11490.0,No,oppo a31|Fantasy White|6GB|128GB
2021-06-10,oppo,oppo a31,Mystery Black,6GB,128GB,4.2,11490.0,No,oppo a31|Mystery Black|6GB|128GB
2021-06-10,oppo,oppo a54,Crystal Black,6GB,128GB,4.2,16490.0,No,oppo a54|Crystal Black|6GB|128GB
2021-06-10,oppo,oppo a54,Moonlight Gold,6GB,128GB,4.2,16490.0,Yes,oppo a54|Moonlight Gold|6GB|128GB
2021-06-10,oppo,oppo a54,Starry Blue,6GB,128GB,4.2,16490.0,No,oppo a54|Starry Blue|6GB|128GB
2021-06-10,oppo,oppo a55,Rainbow Blue,4GB,64GB,0.0,15490.0,Yes,oppo a55|Rainbow Blue|4GB|64GB
2021-06-10,oppo,oppo a55,Starry Black,4GB,64GB,0.0,15490.0,No,oppo a55|Starry Black|4GB|64GB
2021-06-10,oppo,oppo a74 5g,Fantastic Purple,6GB,128GB,4.2,15990.0,No,oppo a74 5g|Fantastic Purple|6GB|128GB
2021-06-10,oppo,oppo a74 5g,Fluid Black,6GB,128GB,4.2,15990.0,No,oppo a74 5g|Fluid Black|6GB|128GB
2021-06-10,oppo,oppo f19 pro,Crystal Silver,8GB,128GB,4.2,21990.0,No,oppo f19 pro|Crystal Silver|8GB|128GB
2021-06-10,oppo,oppo f19 pro,Crystal Silver,8GB,256GB,4.2,23490.0,No,oppo f19 pro|Crystal Silver|8GB|256GB
2021-06-10,oppo,oppo f19 pro,Fantastic Purple,8GB,128GB,4.2,21990.0,No,oppo f19 pro|Fantastic Purple|8GB|128GB
2021-06-10,oppo,oppo f19 pro,Fluid Black,8GB,128GB,4.2,21990.0,No,oppo f19 pro|Fluid Black|8GB|128GB
2021-06-10,oppo,oppo f19 pro+ 5g,Fluid Black,8GB,128GB,4.2,23490.0,No,oppo f19 pro+ 5g|Fluid Black|8GB|128GB
2021-06-10,oppo,oppo f19 pro+ 5g,Space Silver,8GB,128GB,4.2,23490.0,No,oppo f19 pro+ 5g|Space Silver|8GB|128GB
2021-06-10,realme,realme narzo 30,Racing Sliver,4GB,64GB,4.1,12499.0,No,realme narzo 30|Racing Sliver|4GB|64GB
2021-06-10,realme,realme narzo 30 5g,Racing Blue,6GB,128GB,4.1,16999.0,No,realme narzo 30 5g|Racing Blue|6GB|128GB
2021-06-10,realme,realme narzo 50a,Oxygen Blue,4GB,128GB,0.0,12499.0,No,realme narzo 50a|Oxygen Blue|4GB|128GB
2021-06-10,realme,realme narzo 50a,Oxygen Blue,4GB,64GB,0.0,11499.0,No,realme narzo 50a|Oxygen Blue|4GB|64GB
2021-06-10,realme,realme narzo 50a,Oxygen Green,4GB,128GB,0.0,12499.0,No,realme narzo 50a|Oxygen Green|4GB|128GB
2021-06-10,realme,realme narzo 50a,Oxygen Green,4GB,64GB,0.0,11499.0,No,realme narzo 50a|Oxygen Green|4GB|64GB
2021-06-10,redmi,redmi 10 prime,Astral White,4GB,64GB,3.6,11999.0,No,redmi 10 prime|Astral White|4GB|64GB
2021-06-10,redmi,redmi 10 prime,Bifrost Blue,4GB,64GB,3.6,11999.0,No,redmi 10 prime|Bifrost Blue|4GB|64GB
2021-06-10,redmi,redmi 10 prime,Phantom Black,4GB,64GB,3.6,11999.0,No,redmi 10 prime|Phantom Black|4GB|64GB
2021-06-10,redmi,redmi 9,Carbon Black,4GB,64GB,4.2,8499.0,No,redmi 9|Carbon Black|4GB|64GB
2021-06-10,redmi,redmi 9,Sky Blue,4GB,64GB,4.2,8499.0,No,redmi 9|Sky Blue|4GB|64GB
2021-06-10,redmi,redmi 9,Sporty Orange,4GB,64GB,4.2,8499.0,No,redmi 9|Sporty Orange|4GB|64GB
2021-06-10,redmi,redmi 9 power,Blazing Blue,4GB,64GB,4.2,10499.0,No,redmi 9 power|Blazing Blue|4GB|64GB
2021-06-10,redmi,redmi 9 prime,Matte Black,4GB,64GB,4.3,9999.0,No,redmi 9 prime|Matte Black|4GB|64GB
2021-06-10,redmi,redmi 9a,Nature Green,2GB,32GB,4.2,6799.0,No,redmi 9a|Nature Green|2GB|32GB
2021-06-10,redmi,redmi 9a,Sea Blue,2GB,32GB,4.2,6799.0,No,redmi 9a|Sea Blue|2GB|32GB
2021-06-10,redmi,redmi note 10 lite,Aurora Blue,4GB,128GB,4.2,14999.0,No,redmi note 10 lite|Aurora Blue|4GB|128GB
2021-06-10,redmi,redmi note 10 lite,Aurora Blue,6GB,128GB,4.2,15999.0,No,redmi note 10 lite|Aurora Blue|6GB|128GB
2021-06-10,redmi,redmi note 10 lite,Champagne Gold,4GB,128GB,4.2,14999.0,No,redmi note 10 lite|Champagne Gold|4GB|128GB
2021-06-10,redmi,redmi note 10 lite,Champagne Gold,6GB,128GB,4.2,15999.0,No,redmi note 10 lite|Champagne Gold|6GB|128GB
2021-06-10,redmi,redmi note 10 lite,Crystal Black,6GB,128GB,4.2,15999.0,No,redmi note 10 lite|Crystal Black|6GB|128GB
2021-06-10,redmi,redmi note 10 lite,Glacier White,4GB,128GB,4.2,14999.0,No,redmi note 10 lite|Glacier White|4GB|128GB
2021-06-10,redmi,redmi note 10 pro,Dark Night,6GB,128GB,4.2,16999.0,No,redmi note 10 pro|Dark Night|6GB|128GB
2021-06-10,redmi,redmi note 10 pro,Vintage Bronze,6GB,128GB,4.2,16999.0,No,redmi note 10 pro|Vintage Bronze|6GB|128GB
2021-06-10,redmi,redmi note 10s,Deep Sea Blue,6GB,128GB,4.1,15999.0,No,redmi note 10s|Deep Sea Blue|6GB|128GB
2021-06-10,redmi,redmi note 10s,Deep Sea Blue,6GB,64GB,4.1,12999.0,No,redmi note 10s|Deep Sea Blue|6GB|64GB
2021-06-10,redmi,redmi note 10s,Frost White,6GB,128GB,4.1,15999.0,No,redmi note 10s|Frost White|6GB|128GB
2021-06-10,redmi,redmi note 10s,Frost White,6GB,64GB,4.1,12999.0,No,redmi note 10s|Frost White|6GB|64GB
2021-06-10,redmi,redmi note 10s,Shadow Black,6GB,128GB,4.1,15999.0,No,redmi note 10s|Shadow Black|6GB|128GB
2021-06-10,redmi,redmi note 10s,Shadow Black,6GB,64GB,4.1,12999.0,No,redmi note 10s|Shadow Black|6GB|64GB
2021-06-10,redmi,redmi note 10t 5g,Chromium White,4GB,64GB,4.0,14999.0,No,redmi note 10t 5g|Chromium White|4GB|64GB
2021-06-10,redmi,redmi note 10t 5g,Graphite Black,4GB,64GB,4.1,14999.0,No,redmi note 10t 5g|Graphite Black|4GB|64GB
2021-06-10,redmi,redmi note 10t 5g,Graphite Black,6GB,128GB,4.1,16999.0,No,redmi note 10t 5g|Graphite Black|6GB|128GB
2021-06-10,redmi,redmi note 10t 5g,Metallic Blue,4GB,64GB,4.1,14999.0,No,redmi note 10t 5g|Metallic Blue|4GB|64GB
2021-06-10,redmi,redmi note 10t 5g,Metallic Blue,6GB,128GB,4.1,16999.0,No,redmi note 10t 5g|Metallic Blue|6GB|128GB
2021-06-10,redmi,redmi note 10t 5g,Mint Green,4GB,64GB,4.1,14999.0,No,redmi note 10t 5g|Mint Green|4GB|64GB
2021-06-10,samsung,samsung galaxy m12,Black,4GB,64GB,4.1,9499.0,No,samsung galaxy m12|Black|4GB|64GB
2021-06-10,samsung,samsung galaxy m12,Black,6GB,128GB,4.1,11499.0,No,samsung galaxy m12|Black|6GB|128GB
2021-06-10,samsung,samsung galaxy m12,Blue,4GB,64GB,4.1,9499.0,No,samsung galaxy m12|Blue|4GB|64GB
2021-06-10,samsung,samsung galaxy m12,Blue,6GB,128GB,4.1,11499.0,Yes,samsung galaxy m12|Blue|6GB|128GB
2021-06-10,samsung,samsung galaxy m12,White,4GB,64GB,4.1,9499.0,No,samsung galaxy m12|White|4GB|64GB
2021-06-10,samsung,samsung galaxy m12,White,6GB,128GB,4.1,11499.0,No,samsung galaxy m12|White|6GB|128GB
2021-06-10,samsung,samsung galaxy m21 2021 edition,Arctic Blue,4GB,64GB,4.2,12499.0,No,samsung galaxy m21 2021 edition|Arctic Blue|4GB|64GB
2021-06-10,samsung,samsung galaxy m21 2021 edition,Arctic Blue,6GB,128GB,4.2,14499.0,No,samsung galaxy m21 2021 edition|Arctic Blue|6GB|128GB
2021-06-10,samsung,samsung galaxy m21 2021 edition,Charcoal Black,4GB,64GB,4.2,12499.0,No,samsung galaxy m21 2021 edition|Charcoal Black|4GB|64GB
2021-06-10,samsung,samsung galaxy m21 2021 edition,Charcoal Black,6GB,128GB,4.2,14499.0,No,samsung galaxy m21 2021 edition|Charcoal Black|6GB|128GB
2021-06-10,samsung,samsung galaxy m32,Black,4GB,64GB,4.2,12499.0,No,samsung galaxy m32|Black|4GB|64GB
2021-06-10,samsung,samsung galaxy m32,Black,6GB,128GB,4.2,14499.0,No,samsung galaxy m32|Black|6GB|128GB
2021-06-10,samsung,samsung galaxy m32,Light Blue,4GB,64GB,4.2,12499.0,No,samsung galaxy m32|Light Blue|4GB|64GB
2021-06-10,samsung,samsung galaxy m32,Light Blue,6GB,128GB,4.2,14499.0,No,samsung galaxy m32|Light Blue|6GB|128GB
2021-06-10,samsung,samsung galaxy m32 5g,Sky Blue,6GB,128GB,4.0,16999.0,No,samsung galaxy m32 5g|Sky Blue|6GB|128GB
2021-06-10,samsung,samsung galaxy m32 5g,Sky Blue,8GB,128GB,4.0,18999.0,No,samsung galaxy m32 5g|Sky Blue|8GB|128GB
2021-06-10,samsung,samsung galaxy m32 5g,Slate Black,6GB,128GB,4.0,16999.0,No,samsung galaxy m32 5g|Slate Black|6GB|128GB
2021-06-10,samsung,samsung galaxy m32 5g,Slate Black,8GB,128GB,4.0,18999.0,No,samsung galaxy m32 5g|Slate Black|8GB|128GB
2021-06-10,samsung,samsung galaxy m52 5g,Blazing Black,6GB,128GB,3.7,25999.0,No,samsung galaxy m52 5g|Blazing Black|6GB|128GB
2021-06-10,samsung,samsung galaxy m52 5g,ICY Blue,6GB,128GB,3.7,25999.0,Yes,samsung galaxy m52 5g|ICY Blue|6GB|128GB
2021-06-10,tecno,tecno camon 17,Frost Silver,6GB,128GB,3.8,13999.0,No,tecno camon 17|Frost Silver|6GB|128GB
2021-06-10,tecno,tecno camon 17,Magnet Black,6GB,128GB,3.8,13999.0,No,tecno camon 17|Magnet Black|6GB|128GB
2021-06-10,tecno,tecno camon 17,Spruce Green,6GB,128GB,3.8,13999.0,No,tecno camon 17|Spruce Green|6GB|128GB
2021-06-10,tecno,tecno pova,Magic Blue,6GB,128GB,4.0,12490.0,No,tecno pova|Magic Blue|6GB|128GB
2021-06-10,tecno,tecno pova,Speed Purple,6GB,128GB,4.0,11499.0,No,tecno pova|Speed Purple|6GB|128GB
2021-06-10,tecno,tecno pova 2,Dazzle Black,6GB,128GB,4.1,13499.0,No,tecno pova 2|Dazzle Black|6GB|128GB
2021-06-10,tecno,tecno pova 2,Energy Blue,4GB,64GB,4.1,10999.0,No,tecno pova 2|Energy Blue|4GB|64GB
2021-06-10,tecno,tecno pova 2,Polar Silver,4GB,64GB,4.1,10999.0,Yes,tecno pova 2|Polar Silver|4GB|64GB
2021-06-10,tecno,tecno spark 7,Magnet Black,2GB,32GB,0.0,7699.0,No,tecno spark 7|Magnet Black|2GB|32GB
2021-06-10,tecno,tecno spark 7,Magnet Black,2GB,32GB,4.0,7699.0,No,tecno spark 7|Magnet Black|2GB|32GB
2021-06-10,tecno,tecno spark 7,Morpheus Blue,2GB,32GB,3.9,7699.0,No,tecno spark 7|Morpheus Blue|2GB|32GB
2021-06-10,tecno,tecno spark 7,Spruce Green,2GB,32GB,4.0,7699.0,No,tecno spark 7|Spruce Green|2GB|32GB
2021-06-10,tecno,tecno spark 7 pro,Alps Blue,4GB,64GB,3.9,10999.0,No,tecno spark 7 pro|Alps Blue|4GB|64GB
2021-06-10,tecno,tecno spark 7 pro,Alps Blue,6GB,64GB,3.9,12499.0,No,tecno spark 7 pro|Alps Blue|6GB|64GB
2021-06-10,tecno,tecno spark 7 pro,Magnet Black,4GB,64GB,3.9,10999.0,No,tecno spark 7 pro|Magnet Black|4GB|64GB
2021-06-10,tecno,tecno spark 7t,Jewel Blue,4GB,128GB,4.0,10599.0,No,tecno spark 7t|Jewel Blue|4GB|128GB
2021-06-10,tecno,tecno spark 7t,Jewel Blue,4GB,64GB,4.0,8499.0,No,tecno spark 7t|Jewel Blue|4GB|64GB
2021-06-10,tecno,tecno spark 7t,Magnet Black,4GB,128GB,4.0,10599.0,No,tecno spark 7t|Magnet Black|4GB|128GB
2021-06-10,tecno,tecno spark 7t,Magnet Black,4GB,64GB,4.0,8499.0,Yes,tecno spark 7t|Magnet Black|4GB|64GB
2021-06-10,tecno,tecno spark 7t,Nebula Orange,4GB,128GB,4.0,10599.0,No,tecno spark 7t|Nebula Orange|4GB|128GB
2021-06-10,tecno,tecno spark 7t,Nebula Orange,4GB,64GB,4.0,8499.0,No,tecno spark 7t|Nebula Orange|4GB|64GB
2021-06-10,tecno,tecno spark go 2021,Galaxy Blue,2GB,32GB,4.3,7299.0,No,tecno spark go 2021|Galaxy Blue|2GB|32GB
2021-06-10,tecno,tecno spark go 2021,Horizon Orange,2GB,32GB,4.3,7299.0,No,tecno spark go 2021|Horizon Orange|2GB|32GB
2021-06-10,tecno,tecno spark go 2021,Maldives Blue,2GB,32GB,4.3,7299.0,Yes,tecno spark go 2021|Maldives Blue|2GB|32GB
2021-06-10,vivo,vivo v19,Mystic Silver,8GB,128GB,4.3,24990.0,No,vivo v19|Mystic Silver|8GB|128GB
2021-06-10,vivo,vivo v20 pro,Midnight Jazz,8GB,128GB,4.3,29990.0,No,vivo v20 pro|Midnight Jazz|8GB|128GB
2021-06-10,vivo,vivo v20 pro,Sunset Melody,8GB,128GB,4.3,29990.0,No,vivo v20 pro|Sunset Melody|8GB|128GB
2021-06-10,vivo,vivo v21 5g,Dusk Blue,8GB,128GB,4.3,29990.0,No,vivo v21 5g|Dusk Blue|8GB|128GB
2021-06-10,vivo,vivo v21 5g,Sunset Dazzle,8GB,256GB,4.3,32990.0,No,vivo v21 5g|Sunset Dazzle|8GB|256GB
2021-06-10,vivo,vivo v21e 5g,Dark Pearl,8GB,128GB,4.2,24990.0,No,vivo v21e 5g|Dark Pearl|8GB|128GB
2021-06-10,vivo,vivo v21e 5g,Sunset Jazz,8GB,128GB,4.2,24990.0,No,vivo v21e 5g|Sunset Jazz|8GB|128GB
2021-06-10,vivo,vivo x60,Midnight Black,12GB,256GB,4.3,39990.0,No,vivo x60|Midnight Black|12GB|256GB
2021-06-10,vivo,vivo x60,Shimmer Blue,12GB,256GB,4.3,39990.0,No,vivo x60|Shimmer Blue|12GB|256GB
2021-06-10,vivo,vivo x60 pro,Shimmer Blue,12GB,256GB,4.4,48990.0,No,vivo x60 pro|Shimmer Blue|12GB|256GB
2021-06-10,vivo,vivo y12s,Glacier Blue,"3GB,",32GB,4.2,10990.0,No,"vivo y12s|Glacier Blue|3GB,|32GB"
2021-06-10,vivo,vivo y12s,Phantom Black,"3GB,",32GB,4.2,10990.0,No,"vivo y12s|Phantom Black|3GB,|32GB"
2021-06-10,vivo,vivo y20a,Dawn White,"3GB,",64GB,4.3,11990.0,No,"vivo y20a|Dawn White|3GB,|64GB"
2021-06-10,vivo,vivo y20a 2021,Nebula Blue,3GB,64GB,4.2,11990.0,No,vivo y20a 2021|Nebula Blue|3GB|64GB
2021-06-10,vivo,vivo y20g,Obsidiant Black,6GB,128GB,4.1,15990.0,No,vivo y20g|Obsidiant Black|6GB|128GB
2021-06-10,vivo,vivo y20g,Purist Blue,6GB,128GB,4.1,15990.0,No,vivo y20g|Purist Blue|6GB|128GB
2021-06-10,vivo,vivo y20g 2021,Purist Blue,4GB,64GB,4.2,13990.0,No,vivo y20g 2021|Purist Blue|4GB|64GB
2021-06-10,vivo,vivo y21,Diamond Glow,4GB,128GB,4.1,15490.0,No,vivo y21|Diamond Glow|4GB|128GB
2021-06-10,vivo,vivo y21,Midnight Blue,4GB,128GB,4.1,15490.0,No,vivo y21|Midnight Blue|4GB|128GB
2021-06-10,vivo,vivo y33s,Middday Dream,8GB,128GB,4.3,17990.0,No,vivo y33s|Middday Dream|8GB|128GB
2021-06-10,vivo,vivo y33s,Mirror Black,8GB,128GB,4.3,17990.0,No,vivo y33s|Mirror Black|8GB|128GB
2021-06-10,vivo,vivo y53s,Deap Sea Blue,8GB,128GB,3.9,19490.0,No,vivo y53s|Deap Sea Blue|8GB|128GB
2021-06-10,vivo,vivo y53s,Fantastic Rainbow,8GB,128GB,3.9,19490.0,No,vivo y53s|Fantastic Rainbow|8GB|128GB
2021-06-10,vivo,vivo y72 5g,Prism Magic,8GB,128GB,4.0,20990.0,No,vivo y72 5g|Prism Magic|8GB|128GB
2021-06-10,vivo,vivo y72 5g,Slate Gray,8GB,128GB,4.0,20990.0,No,vivo y72 5g|Slate Gray|8GB|128GB
2021-06-10,vivo,vivo y73,Diamond Flare,8GB,128GB,4.4,20990.0,No,vivo y73|Diamond Flare|8GB|128GB
2021-06-10,vivo,vivo y73,Roman Black,8GB,128GB,4.4,20990.0,No,vivo y73|Roman Black|8GB|128GB
2021-06-10,xiaomi,xiaomi 11 lite ne 5g,Jazz Blue,6GB,128GB,0.0,26999.0,No,xiaomi 11 lite ne 5g|Jazz Blue|6GB|128GB
2021-06-10,samsung,samsung galaxy s20 fe 5g,Cloud Green,8GB,128GB,4.4,36990.0,Yes,samsung galaxy s20 fe 5g|Cloud Green|8GB|128GB
2021-06-10,samsung,samsung galaxy note 20,Mystic Green,8GB,266GB,4.2,44990.0,Yes,samsung galaxy note 20|Mystic Green|8GB|266GB
2021-08-10,iqoo,iqoo z5 5g,Arctic Dawn,12GB,256GB,3.6,26990.0,No,iqoo z5 5g|Arctic Dawn|12GB|256GB
2021-08-10,iqoo,iqoo z5 5g,Arctic Dawn,8GB,128GB,3.6,23990.0,No,iqoo z5 5g|Arctic Dawn|8GB|128GB
2021-08-10,iqoo,iqoo z5 5g,Mystic Space,8GB,128GB,3.6,23990.0,No,iqoo z5 5g|Mystic Space|8GB|128GB
2021-08-10,oneplus,oneplus 8t 5g,Lunar Silver,8GB,128GB,4.4,38999.0,No,oneplus 8t 5g|Lunar Silver|8GB|128GB
2021-08-10,oneplus,oneplus 9 5g,Arctic Sky,12GB,256GB,4.2,51999.0,No,oneplus 9 5g|Arctic Sky|12GB|256GB
2021-08-10,oneplus,oneplus 9 5g,Arctic Sky,8GB,128GB,4.2,46999.0,No,oneplus 9 5g|Arctic Sky|8GB|128GB
2021-08-10,oneplus,oneplus 9 5g,Astral Black,8GB,128GB,4.2,46999.0,No,oneplus 9 5g|Astral Black|8GB|128GB
2021-08-10,oneplus,oneplus 9 pro 5g,Morning Mist,12GB,256GB,4.3,65999.0,No,oneplus 9 pro 5g|Morning Mist|12GB|256GB
2021-08-10,oneplus,oneplus 9 pro 5g,Morning Mist,8GB,128GB,4.3,60999.0,No,oneplus 9 pro 5g|Morning Mist|8GB|128GB
2021-08-10,oneplus,oneplus 9 pro 5g,Pine Green,12GB,256GB,4.3,65999.0,No,oneplus 9 pro 5g|Pine Green|12GB|256GB
2021-08-10,oneplus,oneplus 9 pro 5g,Pine Green,8GB,128GB,4.3,60999.0,No,oneplus 9 pro 5g|Pine Green|8GB|128GB
2021-08-10,oneplus,oneplus 9 pro 5g,Stellar Black,12GB,256GB,4.3,65999.0,No,oneplus 9 pro 5g|Stellar Black|12GB|256GB
2021-08-10,oneplus,oneplus 9 pro 5g,Stellar Black,8GB,128GB,4.3,60999.0,No,oneplus 9 pro 5g|Stellar Black|8GB|128GB
2021-08-10,oneplus,oneplus 9r 5g,Carbon Black,8GB,128GB,4.4,36999.0,No,oneplus 9r 5g|Carbon Black|8GB|128GB
2021-08-10,oneplus,oneplus 9r 5g,Lake Blue,12GB,256GB,4.4,40999.0,No,oneplus 9r 5g|Lake Blue|12GB|256GB
2021-08-10,oneplus,oneplus 9r 5g,Lake Blue,8GB,128GB,4.4,36999.0,No,oneplus 9r 5g|Lake Blue|8GB|128GB
2021-08-10,oneplus,oneplus nord 2 5g,Blue Haze,8GB,128GB,4.3,29999.0,No,oneplus nord 2 5g|Blue Haze|8GB|128GB
2021-08-10,oneplus,oneplus nord ce 5g,Charcoal Ink,8GB,128GB,4.1,24999.0,No,oneplus nord ce 5g|Charcoal Ink|8GB|128GB
2021-08-10,oppo,oppo a16,Crystal Black,4GB,64GB,3.5,13990.0,No,oppo a16|Crystal Black|4GB|64GB
2021-08-10,oppo,oppo a16,Pearl Blue,4GB,64GB,3.5,13990.0,No,oppo a16|Pearl Blue|4GB|64GB
2021-08-10,oppo,oppo a16,Royal Gold,4GB,64GB,3.5,13990.0,No,oppo a16|Royal Gold|4GB|64GB
2021-08-10,oppo,oppo a54,Crystal Black,6GB,128GB,4.2,16490.0,No,oppo a54|Crystal Black|6GB|128GB
2021-08-10,oppo,oppo a54,Moonlight Gold,6GB,128GB,4.2,16490.0,No,oppo a54|Moonlight Gold|6GB|128GB
2021-08-10,oppo,oppo a55,Rainbow Blue,4GB,64GB,4.0,15490.0,Yes,oppo a55|Rainbow Blue|4GB|64GB
2021-08-10,oppo,oppo a55,Starry Black,4GB,64GB,4.0,15490.0,No,oppo a55|Starry Black|4GB|64GB
2021-08-10,realme,realme narzo 50a,Oxygen Blue,4GB,128GB,5.0,12499.0,No,realme narzo 50a|Oxygen Blue|4GB|128GB
2021-08-10,realme,realme narzo 50a,Oxygen Green,4GB,128GB,0.0,12499.0,No,realme narzo 50a|Oxygen Green|4GB|128GB
2021-08-10,realme,realme narzo 50a,Oxygen Green,4GB,64GB,0.0,11499.0,No,realme narzo 50a|Oxygen Green|4GB|64GB
2021-08-10,realme,realme narzo 50i,Carbon Black,2GB,32GB,0.0,7499.0,No,realme narzo 50i|Carbon Black|2GB|32GB
2021-08-10,realme,realme narzo 50i,Carbon Black,4GB,64GB,1.0,8999.0,No,realme narzo 50i|Carbon Black|4GB|64GB
2021-08-10,realme,realme narzo 50i,Mint Green,2GB,32GB,1.0,7499.0,No,realme narzo 50i|Mint Green|2GB|32GB
2021-08-10,realme,realme narzo 50i,Mint Green,4GB,64GB,1.0,8999.0,No,realme narzo 50i|Mint Green|4GB|64GB
2021-08-10,redmi,redmi 10,Prime Phantom Black,6GB,128GB,3.6,14499.0,No,redmi 10|Prime Phantom Black|6GB|128GB
2021-08-10,redmi,redmi 10 prime,Astral White,4GB,64GB,3.6,12499.0,No,redmi 10 prime|Astral White|4GB|64GB
2021-08-10,redmi,redmi 10 prime,Astral White,6GB,128GB,3.6,14499.0,No,redmi 10 prime|Astral White|6GB|128GB
2021-08-10,redmi,redmi 10 prime,Bifrost Blue,4GB,64GB,3.6,12499.0,No,redmi 10 prime|Bifrost Blue|4GB|64GB
2021-08-10,redmi,redmi 10 prime,Bifrost Blue,6GB,128GB,3.6,14499.0,No,redmi 10 prime|Bifrost Blue|6GB|128GB
2021-08-10,redmi,redmi 10 prime,Phantom Black,4GB,64GB,3.6,12499.0,No,redmi 10 prime|Phantom Black|4GB|64GB
2021-08-10,redmi,redmi 9 activ,Carbon Black,6GB,128GB,4.2,10999.0,No,redmi 9 activ|Carbon Black|6GB|128GB
2021-08-10,redmi,redmi 9 activ,Coral Green,4GB,64GB,4.2,8799.0,No,redmi 9 activ|Coral Green|4GB|64GB
2021-08-10,redmi,redmi 9 activ,Coral Green,6GB,128GB,4.2,10999.0,No,redmi 9 activ|Coral Green|6GB|128GB
2021-08-10,redmi,redmi 9 activ,Metallic Purple,4GB,64GB,4.2,8799.0,No,redmi 9 activ|Metallic Purple|4GB|64GB
2021-08-10,redmi,redmi 9 activ,Metallic Purple,6GB,128GB,4.2,10999.0,No,redmi 9 activ|Metallic Purple|6GB|128GB
2021-08-10,redmi,redmi note 10 lite,Aurora Blue,4GB,128GB,4.2,14999.0,No,redmi note 10 lite|Aurora Blue|4GB|128GB
2021-08-10,redmi,redmi note 10 lite,Aurora Blue,4GB,64GB,4.2,13999.0,No,redmi note 10 lite|Aurora Blue|4GB|64GB
2021-08-10,redmi,redmi note 10 lite,Aurora Blue,6GB,128GB,4.2,15999.0,No,redmi note 10 lite|Aurora Blue|6GB|128GB
2021-08-10,redmi,redmi note 10 lite,Champagne Gold,4GB,128GB,4.2,14999.0,No,redmi note 10 lite|Champagne Gold|4GB|128GB
2021-08-10,redmi,redmi note 10 lite,Champagne Gold,6GB,128GB,4.2,15999.0,No,redmi note 10 lite|Champagne Gold|6GB|128GB
2021-08-10,redmi,redmi note 10 lite,Glacier White,4GB,128GB,4.2,14999.0,No,redmi note 10 lite|Glacier White|4GB|128GB
2021-08-10,redmi,redmi note 10 lite,Glacier White,6GB,128GB,4.2,15999.0,No,redmi note 10 lite|Glacier White|6GB|128GB
2021-08-10,redmi,redmi note 10 lite,Interstellar Black,4GB,128GB,4.2,14999.0,No,redmi note 10 lite|Interstellar Black|4GB|128GB
2021-08-10,redmi,redmi note 10t 5g,Chromium White,4GB,64GB,3.9,14999.0,No,redmi note 10t 5g|Chromium White|4GB|64GB
2021-08-10,redmi,redmi note 10t 5g,Chromium White,6GB,128GB,3.5,16999.0,No,redmi note 10t 5g|Chromium White|6GB|128GB
2021-08-10,redmi,redmi note 10t 5g,Graphite Black,4GB,64GB,4.1,14999.0,No,redmi note 10t 5g|Graphite Black|4GB|64GB
2021-08-10,redmi,redmi note 10t 5g,Graphite Black,6GB,128GB,4.1,16999.0,No,redmi note 10t 5g|Graphite Black|6GB|128GB
2021-08-10,redmi,redmi note 10t 5g,Metallic Blue,6GB,128GB,4.1,16999.0,No,redmi note 10t 5g|Metallic Blue|6GB|128GB
2021-08-10,redmi,redmi note 10t 5g,Mint Green,4GB,64GB,4.1,14999.0,No,redmi note 10t 5g|Mint Green|4GB|64GB
2021-08-10,samsung,samsung galaxy m21 2021 edition,Arctic Blue,4GB,64GB,4.2,12499.0,No,samsung galaxy m21 2021 edition|Arctic Blue|4GB|64GB
2021-08-10,samsung,samsung galaxy m21 2021 edition,Arctic Blue,6GB,128GB,4.2,14499.0,No,samsung galaxy m21 2021 edition|Arctic Blue|6GB|128GB
2021-08-10,samsung,samsung galaxy m21 2021 edition,Charcoal black,4GB,64GB,4.2,12499.0,No,samsung galaxy m21 2021 edition|Charcoal black|4GB|64GB
2021-08-10,samsung,samsung galaxy m21 2021 edition,Charcoal black,6GB,128GB,4.2,14499.0,No,samsung galaxy m21 2021 edition|Charcoal black|6GB|128GB
2021-08-10,samsung,samsung galaxy m32 5g,Sky Blue,6GB,128GB,3.9,16999.0,Yes,samsung galaxy m32 5g|Sky Blue|6GB|128GB
2021-08-10,samsung,samsung galaxy m32 5g,Sky Blue,8GB,128GB,3.9,18999.0,No,samsung galaxy m32 5g|Sky Blue|8GB|128GB
2021-08-10,samsung,samsung galaxy m32 5g,Slate Black,6GB,128GB,3.9,16999.0,No,samsung galaxy m32 5g|Slate Black|6GB|128GB
2021-08-10,samsung,samsung galaxy m32 5g,Slate Black,8GB,128GB,3.9,18999.0,No,samsung galaxy m32 5g|Slate Black|8GB|128GB
2021-08-10,samsung,samsung galaxy m52 5g,Blazing Black,6GB,128GB,3.4,25999.0,Yes,samsung galaxy m52 5g|Blazing Black|6GB|128GB
2021-08-10,samsung,samsung galaxy m52 5g,Blazing Black,8GB,128GB,3.4,27999.0,No,samsung galaxy m52 5g|Blazing Black|8GB|128GB
2021-08-10,samsung,samsung galaxy m52 5g,ICY Blue,6GB,128GB,3.4,25999.0,No,samsung galaxy m52 5g|ICY Blue|6GB|128GB
2021-08-10,samsung,samsung galaxy m52 5g,ICY Blue,8GB,128GB,3.4,27999.0,No,samsung galaxy m52 5g|ICY Blue|8GB|128GB
2021-08-10,tecno,tecno camon 17,Frost Silver,6GB,128GB,3.8,12999.0,No,tecno camon 17|Frost Silver|6GB|128GB
2021-08-10,tecno,tecno camon 17,Magnet Black,6GB,128GB,3.8,12999.0,No,tecno camon 17|Magnet Black|6GB|128GB
2021-08-10,tecno,tecno camon 17,Spruce Green,6GB,128GB,3.8,12999.0,No,tecno camon 17|Spruce Green|6GB|128GB
2021-08-10,tecno,tecno pova 2,Dazzle Black,6GB,128GB,4.1,13499.0,No,tecno pova 2|Dazzle Black|6GB|128GB
2021-08-10,tecno,tecno pova 2,Polar Silver,4GB,64GB,4.1,10999.0,Yes,tecno pova 2|Polar Silver|4GB|64GB
2021-08-10,tecno,tecno spark 7,Magnet Black,2GB,32GB,0.0,7699.0,No,tecno spark 7|Magnet Black|2GB|32GB
2021-08-10,tecno,tecno spark 7,Morpheus Blue,2GB,32GB,0.0,7699.0,No,tecno spark 7|Morpheus Blue|2GB|32GB
2021-08-10,tecno,tecno spark 7,Spruce Green,2GB,32GB,0.0,7699.0,No,tecno spark 7|Spruce Green|2GB|32GB
2021-08-10,tecno,tecno spark 7t,Jewel Blue,4GB,128GB,4.0,10599.0,No,tecno spark 7t|Jewel Blue|4GB|128GB
2021-08-10,tecno,tecno spark 7t,Magnet Black,4GB,128GB,4.0,10599.0,No,tecno spark 7t|Magnet Black|4GB|128GB
2021-08-10,tecno,tecno spark 7t,Nebula Orange,4GB,128GB,4.0,10599.0,No,tecno spark 7t|Nebula Orange|4GB|128GB
2021-08-10,tecno,tecno spark 7t,Nebula Orange,4GB,64GB,4.0,8499.0,No,tecno spark 7t|Nebula Orange|4GB|64GB
2021-08-10,tecno,tecno spark go 2021,Horizon Orange,2GB,32GB,4.2,7299.0,No,tecno spark go 2021|Horizon Orange|2GB|32GB
2021-08-10,vivo,vivo y20a 2021,Nebula Blue,3GB,64GB,4.2,11990.0,No,vivo y20a 2021|Nebula Blue|3GB|64GB
2021-08-10,vivo,vivo y20g 2021,Purist Blue,4GB,64GB,4.2,13990.0,No,vivo y20g 2021|Purist Blue|4GB|64GB
2021-08-10,vivo,vivo y21,Diamond Glow,4GB,128GB,4.1,15490.0,No,vivo y21|Diamond Glow|4GB|128GB
2021-08-10,vivo,vivo y21,Diamond Glow,4GB,64GB,4.1,13990.0,No,vivo y21|Diamond Glow|4GB|64GB
2021-08-10,vivo,vivo y21,Midnight Blue,4GB,128GB,4.1,15490.0,No,vivo y21|Midnight Blue|4GB|128GB
2021-08-10,vivo,vivo y21,Midnight Blue,4GB,64GB,4.1,13990.0,No,vivo y21|Midnight Blue|4GB|64GB
2021-08-10,vivo,vivo y33s,Middday Dream,8GB,128GB,4.4,17990.0,No,vivo y33s|Middday Dream|8GB|128GB
2021-08-10,vivo,vivo y33s,Mirror Black,8GB,128GB,4.4,17990.0,No,vivo y33s|Mirror Black|8GB|128GB
2021-08-10,vivo,vivo y53s,Deap Sea Blue,8GB,128GB,3.9,19490.0,No,vivo y53s|Deap Sea Blue|8GB|128GB
2021-08-10,vivo,vivo y53s,Fantastic Rainbow,8GB,128GB,3.9,19490.0,No,vivo y53s|Fantastic Rainbow|8GB|128GB
2021-08-10,vivo,vivo y72 5g,Prism Magic,8GB,128GB,4.0,20990.0,No,vivo y72 5g|Prism Magic|8GB|128GB
2021-08-10,vivo,vivo y72 5g,Slate Gray,8GB,128GB,4.0,20990.0,No,vivo y72 5g|Slate Gray|8GB|128GB
2021-08-10,vivo,vivo y73,Diamond Flare,8GB,128GB,4.4,20990.0,No,vivo y73|Diamond Flare|8GB|128GB
2021-08-10,vivo,vivo y73,Roman Black,8GB,128GB,4.4,20990.0,No,vivo y73|Roman Black|8GB|128GB
2021-08-10,xiaomi,xiaomi 11 lite ne 5g,Diamond Dazzle,6GB,128GB,3.2,26999.0,No,xiaomi 11 lite ne 5g|Diamond Dazzle|6GB|128GB
2021-08-10,xiaomi,xiaomi 11 lite ne 5g,Jazz Blue,6GB,128GB,3.2,26999.0,No,xiaomi 11 lite ne 5g|Jazz Blue|6GB|128GB
2021-08-10,xiaomi,xiaomi 11 lite ne 5g,Jazz Blue,8GB,128GB,3.2,28999.0,No,xiaomi 11 lite ne 5g|Jazz Blue|8GB|128GB
2021-08-10,xiaomi,xiaomi 11 lite ne 5g,Tuscany Coral,6GB,128GB,3.2,26999.0,No,xiaomi 11 lite ne 5g|Tuscany Coral|6GB|128GB
2021-08-10,xiaomi,xiaomi 11 lite ne 5g,Vinyl Black,6GB,128GB,3.2,26999.0,No,xiaomi 11 lite ne 5g|Vinyl Black|6GB|128GB
2021-08-10,mi,mi 10i 5g,Atlantic Blue,6GB,128GB,4.2,21999.0,No,mi 10i 5g|Atlantic Blue|6GB|128GB
2021-08-10,mi,mi 10i 5g,Midnight Black,6GB,128GB,4.2,21999.0,No,mi 10i 5g|Midnight Black|6GB|128GB
2021-08-10,mi,mi 11x 5g,Celestial Silver,6GB,128GB,4.0,26999.0,No,mi 11x 5g|Celestial Silver|6GB|128GB
2021-08-10,mi,mi 11x 5g,Celestial Silver,8GB,128GB,4.0,28999.0,No,mi 11x 5g|Celestial Silver|8GB|128GB
2021-08-10,mi,mi 11x 5g,Cosmic Black,6GB,128GB,4.0,26999.0,Yes,mi 11x 5g|Cosmic Black|6GB|128GB
2021-08-10,mi,mi 11x 5g,Cosmic Black,8GB,128GB,4.0,28999.0,No,mi 11x 5g|Cosmic Black|8GB|128GB
2021-08-10,mi,mi 11x 5g,Lunar White,6GB,128GB,4.0,26999.0,No,mi 11x 5g|Lunar White|6GB|128GB
2021-08-10,mi,mi 11x 5g,Lunar White,8GB,128GB,4.0,28999.0,Yes,mi 11x 5g|Lunar White|8GB|128GB
2021-08-10,mi,mi 11x pro 5g,Celestial Silver,8GB,128GB,3.9,36999.0,No,mi 11x pro 5g|Celestial Silver|8GB|128GB
2021-08-10,mi,mi 11x pro 5g,Cosmic Black,8GB,128GB,3.9,36999.0,No,mi 11x pro 5g|Cosmic Black|8GB|128GB
2021-08-10,mi,mi 11x pro 5g,Cosmic Black,8GB,256GB,3.9,38999.0,No,mi 11x pro 5g|Cosmic Black|8GB|256GB
2021-08-10,mi,mi 11x pro 5g,Lunar White,8GB,128GB,3.9,36999.0,Yes,mi 11x pro 5g|Lunar White|8GB|128GB
2021-08-10,oppo,oppo a74 5g,Fluid Black,6GB,128GB,4.2,15990.0,Yes,oppo a74 5g|Fluid Black|6GB|128GB
2021-08-10,oppo,oppo a74 5g,Fantastic Purple,6GB,128GB,4.2,15990.0,Yes,oppo a74 5g|Fantastic Purple|6GB|128GB
2021-08-10,oppo,oppo f19 pro+ 5g,Fluid Black,8GB,128GB,4.2,25990.0,Yes,oppo f19 pro+ 5g|Fluid Black|8GB|128GB
2021-08-10,vivo,vivo v21,Sunset Dazzle,8GB,128GB,4.1,29990.0,Yes,vivo v21|Sunset Dazzle|8GB|128GB
2021-08-10,vivo,vivo v21,Dusk Blue,8GB,128GB,4.1,29990.0,Yes,vivo v21|Dusk Blue|8GB|128GB
2021-08-10,oppo,oppo a31,Fantasy White,6GB,128GB,4.2,11490.0,Yes,oppo a31|Fantasy White|6GB|128GB
2021-08-10,tecno,tecno spark 7t,Jewel Blue,4GB,64GB,4.0,8499.0,No,tecno spark 7t|Jewel Blue|4GB|64GB
2021-08-10,oppo,oppo a54,Moonlight Gold,4GB,128GB,4.2,15990.0,Yes,oppo a54|Moonlight Gold|4GB|128GB
2021-09-22,oneplus,oneplus nord 2 5g,Blue Haze,8GB,128GB,4.3,29999.0,No,oneplus nord 2 5g|Blue Haze|8GB|128GB
2021-09-22,oneplus,oneplus nord 2 5g,Gray Sierra,8GB,128GB,4.3,29999.0,No,oneplus nord 2 5g|Gray Sierra|8GB|128GB
2021-09-22,oneplus,oneplus nord ce 5g,Blue Void,8GB,128GB,4.1,24999.0,No,oneplus nord ce 5g|Blue Void|8GB|128GB
2021-09-22,oneplus,oneplus nord ce 5g,Charcoal Ink,8GB,128GB,4.1,24999.0,No,oneplus nord ce 5g|Charcoal Ink|8GB|128GB
2021-09-22,redmi,redmi 9,Carbon Black,4GB,64GB,4.2,9499.0,No,redmi 9|Carbon Black|4GB|64GB
2021-09-22,redmi,redmi 9,Sky Blue,4GB,64GB,4.2,9499.0,No,redmi 9|Sky Blue|4GB|64GB
2021-09-22,redmi,redmi 9,Sporty Orange,4GB,64GB,4.2,9499.0,No,redmi 9|Sporty Orange|4GB|64GB
2021-09-22,redmi,redmi 9 power,Blazing Blue,4GB,64GB,4.2,11499.0,No,redmi 9 power|Blazing Blue|4GB|64GB
2021-09-22,redmi,redmi 9 power,Mighty Black,4GB,64GB,4.2,11499.0,No,redmi 9 power|Mighty Black|4GB|64GB
2021-09-22,redmi,redmi 9 prime,Mint Green,4GB,64GB,4.3,10499.0,No,redmi 9 prime|Mint Green|4GB|64GB
2021-09-22,redmi,redmi 9 prime,Space Blue,4GB,64GB,4.3,10499.0,No,redmi 9 prime|Space Blue|4GB|64GB
2021-09-22,redmi,redmi 9a,Midnight Black,2GB,32GB,4.3,6999.0,No,redmi 9a|Midnight Black|2GB|32GB
2021-09-22,redmi,redmi 9a,Nature Green,2GB,32GB,4.2,6999.0,No,redmi 9a|Nature Green|2GB|32GB
2021-09-22,redmi,redmi 9a,Sea Blue,2GB,32GB,4.3,6999.0,No,redmi 9a|Sea Blue|2GB|32GB
2021-09-22,redmi,redmi note 10,Aqua Green,4GB,64GB,4.2,13999.0,No,redmi note 10|Aqua Green|4GB|64GB
2021-09-22,redmi,redmi note 10 pro,Dark Night,6GB,128GB,4.2,17999.0,No,redmi note 10 pro|Dark Night|6GB|128GB
2021-09-22,redmi,redmi note 10 pro,Glacial Blue,6GB,128GB,4.2,17999.0,No,redmi note 10 pro|Glacial Blue|6GB|128GB
2021-09-22,redmi,redmi note 10 pro max,Dark Night,6GB,128GB,4.1,19999.0,No,redmi note 10 pro max|Dark Night|6GB|128GB
2021-09-22,redmi,redmi note 10s,Deep Sea Blue,6GB,64GB,4.1,14999.0,No,redmi note 10s|Deep Sea Blue|6GB|64GB
2021-09-22,samsung,samsung galaxy m12,Black,4GB,64GB,4.1,11499.0,No,samsung galaxy m12|Black|4GB|64GB
2021-09-22,samsung,samsung galaxy m12,Blue,4GB,64GB,4.1,11499.0,No,samsung galaxy m12|Blue|4GB|64GB
2021-09-22,samsung,samsung galaxy m12,Blue,6GB,128GB,4.1,13499.0,No,samsung galaxy m12|Blue|6GB|128GB
2021-09-22,samsung,samsung galaxy m21 2021 edition,Arctic Blue,4GB,64GB,4.2,12999.0,Yes,samsung galaxy m21 2021 edition|Arctic Blue|4GB|64GB
2021-09-22,samsung,samsung galaxy m31,Ocean Blue,8GB,128GB,4.2,16999.0,No,samsung galaxy m31|Ocean Blue|8GB|128GB
2021-09-23,oneplus,oneplus nord 2 5g,Blue Haze,8GB,128GB,4.3,29999.0,No,oneplus nord 2 5g|Blue Haze|8GB|128GB
2021-09-23,oneplus,oneplus nord 2 5g,Gray Sierra,8GB,128GB,4.3,29999.0,No,oneplus nord 2 5g|Gray Sierra|8GB|128GB
2021-09-23,oneplus,oneplus nord ce 5g,Blue Void,8GB,128GB,4.1,24999.0,No,oneplus nord ce 5g|Blue Void|8GB|128GB
2021-09-23,oneplus,oneplus nord ce 5g,Charcoal Ink,8GB,128GB,4.1,24999.0,No,oneplus nord ce 5g|Charcoal Ink|8GB|128GB
2021-09-23,redmi,redmi 9,Carbon Black,4GB,64GB,4.2,9499.0,No,redmi 9|Carbon Black|4GB|64GB
2021-09-23,redmi,redmi 9,Sky Blue,4GB,64GB,4.2,9499.0,No,redmi 9|Sky Blue|4GB|64GB
2021-09-23,redmi,redmi 9,Sporty Orange,4GB,64GB,4.2,9499.0,No,redmi 9|Sporty Orange|4GB|64GB
2021-09-23,redmi,redmi 9 power,Blazing Blue,4GB,64GB,4.2,11499.0,No,redmi 9 power|Blazing Blue|4GB|64GB
2021-09-23,redmi,redmi 9 power,Mighty Black,4GB,64GB,4.2,11499.0,No,redmi 9 power|Mighty Black|4GB|64GB
2021-09-23,redmi,redmi 9 prime,Space Blue,4GB,64GB,4.3,10499.0,No,redmi 9 prime|Space Blue|4GB|64GB
2021-09-23,redmi,redmi 9a,Midnight Black,2GB,32GB,4.3,6999.0,No,redmi 9a|Midnight Black|2GB|32GB
2021-09-23,redmi,redmi 9a,Nature Green,2GB,32GB,4.2,6999.0,No,redmi 9a|Nature Green|2GB|32GB
2021-09-23,redmi,redmi 9a,Sea Blue,2GB,32GB,4.3,6999.0,No,redmi 9a|Sea Blue|2GB|32GB
2021-09-23,redmi,redmi note 10,Aqua Green,4GB,64GB,4.2,13999.0,No,redmi note 10|Aqua Green|4GB|64GB
2021-09-23,redmi,redmi note 10 pro,Dark Night,6GB,128GB,4.2,17999.0,No,redmi note 10 pro|Dark Night|6GB|128GB
2021-09-23,redmi,redmi note 10 pro,Glacial Blue,6GB,128GB,4.2,17999.0,No,redmi note 10 pro|Glacial Blue|6GB|128GB
2021-09-23,redmi,redmi note 10 pro max,Dark Night,6GB,128GB,4.1,19999.0,No,redmi note 10 pro max|Dark Night|6GB|128GB
2021-09-23,redmi,redmi note 10 pro max,Vintage Bronze,6GB,128GB,4.1,19999.0,No,redmi note 10 pro max|Vintage Bronze|6GB|128GB
2021-09-23,redmi,redmi note 10s,Deep Sea Blue,6GB,64GB,4.1,14999.0,No,redmi note 10s|Deep Sea Blue|6GB|64GB
2021-09-23,redmi,redmi note 10s,Shadow Black,6GB,128GB,4.1,16499.0,No,redmi note 10s|Shadow Black|6GB|128GB
2021-09-23,samsung,samsung galaxy m12,Blue,4GB,64GB,4.1,11499.0,No,samsung galaxy m12|Blue|4GB|64GB
2021-09-23,samsung,samsung galaxy m12,Blue,6GB,128GB,4.1,13499.0,No,samsung galaxy m12|Blue|6GB|128GB
2021-09-23,samsung,samsung galaxy m21 2021 edition,Arctic Blue,4GB,64GB,4.2,12999.0,No,samsung galaxy m21 2021 edition|Arctic Blue|4GB|64GB
2021-09-23,samsung,samsung galaxy m21 2021 edition,Charcoal Black,4GB,64GB,4.2,12999.0,Yes,samsung galaxy m21 2021 edition|Charcoal Black|4GB|64GB
2021-09-23,samsung,samsung galaxy m31,Ocean Blue,8GB,128GB,4.2,16999.0,No,samsung galaxy m31|Ocean Blue|8GB|128GB
2021-09-24,oneplus,oneplus 9r 5g,Lake Blue,8GB,128GB,4.4,39999.0,No,oneplus 9r 5g|Lake Blue|8GB|128GB
2021-09-24,oneplus,oneplus nord 2 5g,Blue Haze,8GB,128GB,4.3,29999.0,No,oneplus nord 2 5g|Blue Haze|8GB|128GB
2021-09-24,oneplus,oneplus nord ce 5g,Blue Void,8GB,128GB,4.1,24999.0,No,oneplus nord ce 5g|Blue Void|8GB|128GB
2021-09-24,oneplus,oneplus nord ce 5g,Charcoal Ink,8GB,128GB,4.1,24999.0,No,oneplus nord ce 5g|Charcoal Ink|8GB|128GB
2021-09-24,realme,realme c11,Cool Grey,2GB,32 GB,4.1,7299.0,No,realme c11|Cool Grey|2GB|32 GB
2021-09-24,redmi,redmi 9,Carbon Black,4GB,64GB,4.2,9499.0,No,redmi 9|Carbon Black|4GB|64GB
2021-09-24,redmi,redmi 9,Sky Blue,4GB,64GB,4.2,9499.0,No,redmi 9|Sky Blue|4GB|64GB
2021-09-24,redmi,redmi 9,Sporty Orange,4GB,64GB,4.2,9499.0,No,redmi 9|Sporty Orange|4GB|64GB
2021-09-24,redmi,redmi note 10,Aqua Green,4GB,64GB,4.2,13999.0,No,redmi note 10|Aqua Green|4GB|64GB
2021-09-24,redmi,redmi note 10,Frost White,4GB,64GB,4.2,13999.0,No,redmi note 10|Frost White|4GB|64GB
2021-09-24,redmi,redmi note 10,Shadow Black,4GB,64GB,4.2,13999.0,No,redmi note 10|Shadow Black|4GB|64GB
2021-09-24,redmi,redmi note 10s,Deep Sea Blue,6GB,64GB,4.1,14999.0,No,redmi note 10s|Deep Sea Blue|6GB|64GB
2021-09-24,redmi,redmi note 10s,Frost White,6GB,128GB,4.1,16499.0,No,redmi note 10s|Frost White|6GB|128GB
2021-09-24,redmi,redmi note 10s,Frost White,6GB,64GB,4.1,14999.0,No,redmi note 10s|Frost White|6GB|64GB
2021-09-24,redmi,redmi note 10s,Shadow Black,6GB,128GB,4.1,16499.0,No,redmi note 10s|Shadow Black|6GB|128GB
2021-09-24,samsung,samsung galaxy m12,Black,6GB,128GB,4.1,13499.0,No,samsung galaxy m12|Black|6GB|128GB
2021-09-24,samsung,samsung galaxy m12,Blue,6GB,128GB,4.1,13499.0,No,samsung galaxy m12|Blue|6GB|128GB
2021-09-24,samsung,samsung galaxy m21 2021 edition,Arctic Blue,4GB,64GB,4.2,12999.0,No,samsung galaxy m21 2021 edition|Arctic Blue|4GB|64GB
2021-09-24,samsung,samsung galaxy m21 2021 edition,Arctic Blue,6GB,128GB,4.2,14999.0,No,samsung galaxy m21 2021 edition|Arctic Blue|6GB|128GB
2021-09-24,samsung,samsung galaxy m21 2021 edition,Charcoal Black,4GB,64GB,4.2,12999.0,No,samsung galaxy m21 2021 edition|Charcoal Black|4GB|64GB
2021-09-24,samsung,samsung galaxy m21 2021 edition,Charcoal Black,6GB,128GB,4.2,14999.0,No,samsung galaxy m21 2021 edition|Charcoal Black|6GB|128GB
2021-09-24,samsung,samsung galaxy m32,Black,6GB,128GB,4.2,16999.0,No,samsung galaxy m32|Black|6GB|128GB
2021-09-24,samsung,samsung galaxy m32,Light Blue,6GB,128GB,4.2,16999.0,No,samsung galaxy m32|Light Blue|6GB|128GB
2021-09-24,tecno,tecno pova 2,Energy Blue,4GB,64GB,4.1,10999.0,No,tecno pova 2|Energy Blue|4GB|64GB
2021-09-25,oneplus,oneplus 9r 5g,Lake Blue,8GB,128GB,4.4,39999.0,No,oneplus 9r 5g|Lake Blue|8GB|128GB
2021-09-25,oneplus,oneplus nord 2 5g,Blue Haze,8GB,128GB,4.3,29999.0,No,oneplus nord 2 5g|Blue Haze|8GB|128GB
2021-09-25,oneplus,oneplus nord 2 5g,Gray Sierra,8GB,128GB,4.3,29999.0,No,oneplus nord 2 5g|Gray Sierra|8GB|128GB
2021-09-25,oneplus,oneplus nord ce 5g,Charcoal Ink,8GB,128GB,4.1,24999.0,No,oneplus nord ce 5g|Charcoal Ink|8GB|128GB
2021-09-25,realme,realme c11,Cool Grey,2GB,32GB,4.1,7299.0,No,realme c11|Cool Grey|2GB|32GB
2021-09-25,redmi,redmi 9,Carbon Black,4GB,64GB,4.2,9499.0,No,redmi 9|Carbon Black|4GB|64GB
2021-09-25,redmi,redmi 9,Sky Blue,4GB,64GB,4.2,9499.0,No,redmi 9|Sky Blue|4GB|64GB
2021-09-25,redmi,redmi 9,Sporty Orange,4GB,64GB,4.2,9499.0,No,redmi 9|Sporty Orange|4GB|64GB
2021-09-25,redmi,redmi note 10,Aqua Green,4GB,64GB,4.2,13999.0,No,redmi note 10|Aqua Green|4GB|64GB
2021-09-25,redmi,redmi note 10,Frost White,4GB,64GB,4.2,13999.0,No,redmi note 10|Frost White|4GB|64GB
2021-09-25,redmi,redmi note 10,Shadow Black,4GB,64GB,4.2,13999.0,No,redmi note 10|Shadow Black|4GB|64GB
2021-09-25,redmi,redmi note 10s,Deep Sea Blue,6GB,64GB,4.1,14999.0,No,redmi note 10s|Deep Sea Blue|6GB|64GB
2021-09-25,redmi,redmi note 10s,Frost White,6GB,128GB,4.1,16499.0,No,redmi note 10s|Frost White|6GB|128GB
2021-09-25,redmi,redmi note 10s,Frost White,6GB,64GB,4.1,14999.0,No,redmi note 10s|Frost White|6GB|64GB
2021-09-25,samsung,samsung galaxy m12,Black,6GB,128GB,4.1,13499.0,No,samsung galaxy m12|Black|6GB|128GB
2021-09-25,samsung,samsung galaxy m12,Blue,6GB,128GB,4.1,13499.0,No,samsung galaxy m12|Blue|6GB|128GB
2021-09-25,samsung,samsung galaxy m21 2021 edition,Arctic Blue,4GB,64GB,4.2,12999.0,No,samsung galaxy m21 2021 edition|Arctic Blue|4GB|64GB
2021-09-25,samsung,samsung galaxy m21 2021 edition,Arctic Blue,6GB,128GB,4.2,14999.0,No,samsung galaxy m21 2021 edition|Arctic Blue|6GB|128GB
2021-09-25,samsung,samsung galaxy m21 2021 edition,Charcoal Black,4GB,64GB,4.2,12999.0,No,samsung galaxy m21 2021 edition|Charcoal Black|4GB|64GB
2021-09-25,samsung,samsung galaxy m21 2021 edition,Charcoal Black,6GB,128GB,4.2,14999.0,No,samsung galaxy m21 2021 edition|Charcoal Black|6GB|128GB
2021-09-25,samsung,samsung galaxy m32,Black,6GB,128GB,4.2,16999.0,No,samsung galaxy m32|Black|6GB|128GB
2021-09-25,samsung,samsung galaxy m32,Light Blue,6GB,128GB,4.2,16999.0,No,samsung galaxy m32|Light Blue|6GB|128GB
2021-09-25,tecno,tecno pova 2,Energy Blue,4GB,64GB,4.1,10999.0,No,tecno pova 2|Energy Blue|4GB|64GB
2021-09-26,iqoo,iqoo z3 5g,Ace Black,6GB,128GB,4.3,19990.0,No,iqoo z3 5g|Ace Black|6GB|128GB
2021-09-26,iqoo,iqoo z3 5g,Ace Black,8GB,128GB,4.3,20990.0,No,iqoo z3 5g|Ace Black|8GB|128GB
2021-09-26,mi,mi 10i 5g,Atlantic Blue,6GB,128GB,4.2,21999.0,No,mi 10i 5g|Atlantic Blue|6GB|128GB
2021-09-26,nokia,"nokia c01 plus 4g, android 11",Blue,2GB,16GB,3.7,5999.0,No,"nokia c01 plus 4g, android 11|Blue|2GB|16GB"
2021-09-26,oneplus,oneplus 9r 5g,Carbon Black,8GB,128GB,4.4,39999.0,No,oneplus 9r 5g|Carbon Black|8GB|128GB
2021-09-26,oneplus,oneplus 9r 5g,Lake Blue,12GB,256GB,4.4,43999.0,No,oneplus 9r 5g|Lake Blue|12GB|256GB
2021-09-26,oneplus,oneplus 9r 5g,Lake Blue,8GB,128GB,4.4,39999.0,No,oneplus 9r 5g|Lake Blue|8GB|128GB
2021-09-26,oppo,oppo a31,Fantasy White,4GB,64GB,4.2,11490.0,No,oppo a31|Fantasy White|4GB|64GB
2021-09-26,oppo,oppo a74 5g,Fantastic Purple,6GB,128GB,4.2,17990.0,No,oppo a74 5g|Fantastic Purple|6GB|128GB
2021-09-26,realme,realme c11,Cool Blue,2GB,32GB,4.1,7299.0,No,realme c11|Cool Blue|2GB|32GB
2021-09-26,realme,realme narzo 30,Racing Blue,4GB,64GB,4.1,13499.0,No,realme narzo 30|Racing Blue|4GB|64GB
2021-09-26,realme,realme narzo 30 5g,Racing Blue,6GB,128GB,4.2,16999.0,No,realme narzo 30 5g|Racing Blue|6GB|128GB
2021-09-26,redmi,redmi 9 power,Electric Green,6GB,128GB,4.2,13499.0,No,redmi 9 power|Electric Green|6GB|128GB
2021-09-26,redmi,redmi 9 power,Fiery Red,4GB,64GB,4.2,11499.0,No,redmi 9 power|Fiery Red|4GB|64GB
2021-09-26,redmi,redmi 9 power,Fiery Red,6GB,128GB,4.2,13499.0,No,redmi 9 power|Fiery Red|6GB|128GB
2021-09-26,redmi,redmi note 10,Shadow Black,4GB,64GB,4.2,13999.0,No,redmi note 10|Shadow Black|4GB|64GB
2021-09-26,samsung,samsung galaxy m12,Black,4GB,64GB,4.1,11499.0,No,samsung galaxy m12|Black|4GB|64GB
2021-09-26,samsung,samsung galaxy m12,White,6GB,128GB,4.1,13499.0,No,samsung galaxy m12|White|6GB|128GB
2021-09-26,samsung,samsung galaxy m21 2021 edition,Charcoal Black,4GB,64GB,4.2,12999.0,Yes,samsung galaxy m21 2021 edition|Charcoal Black|4GB|64GB
2021-09-26,samsung,samsung galaxy m31,Space Black,8GB,128GB,4.2,43999.0,No,samsung galaxy m31|Space Black|8GB|128GB
2021-09-26,samsung,samsung galaxy m32,Black,6GB,128GB,4.2,16999.0,No,samsung galaxy m32|Black|6GB|128GB
2021-09-26,samsung,samsung galaxy m32,Light Blue,4GB,64GB,4.2,14999.0,No,samsung galaxy m32|Light Blue|4GB|64GB
2021-09-26,samsung,samsung galaxy m32 5g,Sky Blue,6GB,128GB,4.0,20999.0,No,samsung galaxy m32 5g|Sky Blue|6GB|128GB
2021-09-26,tecno,tecno pova 2,Energy Blue,4GB,64GB,4.1,10999.0,No,tecno pova 2|Energy Blue|4GB|64GB
2021-09-26,tecno,tecno spark 7t,Magnet Black,4GB,64GB,4.0,9499.0,No,tecno spark 7t|Magnet Black|4GB|64GB
2021-09-27,oneplus,oneplus 8t 5g,Aquamarine Green,8GB,128GB,4.4,38999.0,No,oneplus 8t 5g|Aquamarine Green|8GB|128GB
2021-09-27,oneplus,oneplus 8t 5g,Lunar Silver,8GB,128GB,4.4,38999.0,No,oneplus 8t 5g|Lunar Silver|8GB|128GB
2021-09-27,oneplus,oneplus 9 pro 5g,Morning Mist,12GB,256GB,4.3,69999.0,No,oneplus 9 pro 5g|Morning Mist|12GB|256GB
2021-09-27,oneplus,oneplus 9 pro 5g,Pine Green,12GB,256GB,4.3,69999.0,No,oneplus 9 pro 5g|Pine Green|12GB|256GB
2021-09-27,oneplus,oneplus 9 pro 5g,Pine Green,8GB,128GB,4.3,64999.0,No,oneplus 9 pro 5g|Pine Green|8GB|128GB
2021-09-27,oneplus,oneplus 9 pro 5g,Stellar Black,12GB,256GB,4.3,69999.0,No,oneplus 9 pro 5g|Stellar Black|12GB|256GB
2021-09-27,oneplus,oneplus 9 pro 5g,Stellar Black,8GB,128GB,4.3,64999.0,No,oneplus 9 pro 5g|Stellar Black|8GB|128GB
2021-09-27,oneplus,oneplus 9r 5g,Carbon Black,12GB,256 GB,4.4,43999.0,No,oneplus 9r 5g|Carbon Black|12GB|256 GB
2021-09-27,oneplus,oneplus 9r 5g,Carbon Black,8GB,128GB,4.4,39999.0,No,oneplus 9r 5g|Carbon Black|8GB|128GB
2021-09-27,oneplus,oneplus 9r 5g,Lake Blue,12GB,256GB,4.4,43999.0,No,oneplus 9r 5g|Lake Blue|12GB|256GB
2021-09-27,oneplus,oneplus 9r 5g,Lake Blue,8GB,128GB,4.4,39999.0,No,oneplus 9r 5g|Lake Blue|8GB|128GB
2021-09-27,oneplus,oneplus nord ce 5g,Blue Void,8GB,128GB,4.1,24999.0,No,oneplus nord ce 5g|Blue Void|8GB|128GB
2021-09-27,oneplus,oneplus nord ce 5g,Charcoal Ink,8GB,128GB,4.1,24999.0,No,oneplus nord ce 5g|Charcoal Ink|8GB|128GB
2021-09-27,redmi,redmi 9,Carbon Black,4GB,64GB,4.2,9499.0,No,redmi 9|Carbon Black|4GB|64GB
2021-09-27,redmi,redmi 9,Sky Blue,4GB,64GB,4.2,9499.0,No,redmi 9|Sky Blue|4GB|64GB
2021-09-27,redmi,redmi 9,Sporty Orange,4GB,64GB,4.2,9499.0,No,redmi 9|Sporty Orange|4GB|64GB
2021-09-27,redmi,redmi 9 power,Blazing Blue,4GB,64GB,4.2,11499.0,No,redmi 9 power|Blazing Blue|4GB|64GB
2021-09-27,redmi,redmi 9 power,Mighty Black,4GB,64GB,4.2,11499.0,No,redmi 9 power|Mighty Black|4GB|64GB
2021-09-27,redmi,redmi 9 prime,Space Blue,4GB,64GB,4.3,10499.0,No,redmi 9 prime|Space Blue|4GB|64GB
2021-09-27,redmi,redmi 9a,Midnight Black,2GB,32GB,4.3,6999.0,No,redmi 9a|Midnight Black|2GB|32GB
2021-09-27,redmi,redmi 9a,Nature Green,2GB,32GB,4.2,6999.0,No,redmi 9a|Nature Green|2GB|32GB
2021-09-27,redmi,redmi 9a,Sea Blue,2GB,32GB,4.2,6999.0,No,redmi 9a|Sea Blue|2GB|32GB
2021-09-27,redmi,redmi note 10,Aqua Green,4GB,64GB,4.2,13999.0,No,redmi note 10|Aqua Green|4GB|64GB
2021-09-27,redmi,redmi note 10 pro,Dark Night,6GB,128GB,4.2,17999.0,No,redmi note 10 pro|Dark Night|6GB|128GB
2021-09-27,redmi,redmi note 10 pro,Glacial Blue,6GB,128GB,4.2,17999.0,No,redmi note 10 pro|Glacial Blue|6GB|128GB
2021-09-27,redmi,redmi note 10 pro max,Dark Night,6GB,128GB,4.1,19999.0,No,redmi note 10 pro max|Dark Night|6GB|128GB
2021-09-27,redmi,redmi note 10 pro max,Vintage Bronze,6GB,128GB,4.1,19999.0,No,redmi note 10 pro max|Vintage Bronze|6GB|128GB
2021-09-27,redmi,redmi note 10s,Deep Sea Blue,6GB,64GB,4.1,14999.0,No,redmi note 10s|Deep Sea Blue|6GB|64GB
2021-09-27,redmi,redmi note 10s,Frost White,6GB,128GB,4.1,16499.0,No,redmi note 10s|Frost White|6GB|128GB
2021-09-27,redmi,redmi note 10s,Shadow Black,6GB,128GB,4.1,16499.0,No,redmi note 10s|Shadow Black|6GB|128GB
2021-09-27,redmi,redmi note 8 pro,Electric Blue,6GB,128GB,4.4,17990.0,No,redmi note 8 pro|Electric Blue|6GB|128GB
2021-09-27,redmi,redmi note 8 pro,Electric Blue,6GB,64GB,4.4,16490.0,No,redmi note 8 pro|Electric Blue|6GB|64GB
2021-09-27,redmi,redmi note 8 pro,Gamma Green,6GB,64GB,4.4,16490.0,No,redmi note 8 pro|Gamma Green|6GB|64GB
2021-09-27,redmi,redmi note 8 pro,Gamma Green,8GB,128GB,4.4,19990.0,No,redmi note 8 pro|Gamma Green|8GB|128GB
2021-09-27,redmi,redmi note 8 pro,Halo White,6GB,64GB,4.4,16490.0,No,redmi note 8 pro|Halo White|6GB|64GB
2021-09-27,redmi,redmi note 8 pro,Shadow Black,6GB,128GB,4.4,17490.0,No,redmi note 8 pro|Shadow Black|6GB|128GB
2021-09-27,redmi,redmi note 8 pro,Shadow Black,6GB,64GB,4.4,16789.0,No,redmi note 8 pro|Shadow Black|6GB|64GB
2021-09-27,redmi,redmi note 8 pro,Shadow Black,8GB,128GB,4.4,17936.0,No,redmi note 8 pro|Shadow Black|8GB|128GB
2021-09-27,samsung,samsung galaxy a52,Black,6GB,128GB,4.3,27499.0,No,samsung galaxy a52|Black|6GB|128GB
2021-09-27,samsung,samsung galaxy a52,Blue,8GB,128GB,4.3,30450.0,No,samsung galaxy a52|Blue|8GB|128GB
2021-09-27,samsung,samsung galaxy fold,Black,12GB,512GB,3.2,173999.0,No,samsung galaxy fold|Black|12GB|512GB
2021-09-27,samsung,samsung galaxy m12,Blue,4GB,64GB,4.1,11499.0,No,samsung galaxy m12|Blue|4GB|64GB
2021-09-27,samsung,samsung galaxy m12,Blue,6GB,128GB,4.1,13499.0,No,samsung galaxy m12|Blue|6GB|128GB
2021-09-27,samsung,samsung galaxy m21 2021 edition,Arctic Blue,4GB,64GB,4.2,12999.0,Yes,samsung galaxy m21 2021 edition|Arctic Blue|4GB|64GB
2021-09-27,samsung,samsung galaxy m21 2021 edition,Charcoal Black,4GB,64GB,4.2,12999.0,Yes,samsung galaxy m21 2021 edition|Charcoal Black|4GB|64GB
2021-09-27,samsung,samsung galaxy m31,Ocean Blue,8GB,128GB,4.2,16999.0,No,samsung galaxy m31|Ocean Blue|8GB|128GB
2021-09-27,samsung,samsung galaxy m51,Celestial Black,6GB,128GB,4.4,19999.0,No,samsung galaxy m51|Celestial Black|6GB|128GB
2021-09-27,samsung,samsung galaxy m51,Electric Blue,6GB,128GB,4.4,19999.0,No,samsung galaxy m51|Electric Blue|6GB|128GB
2021-09-27,samsung,samsung galaxy note 20 ultra 5g,Mystic Black,12GB,256GB,4.0,79999.0,No,samsung galaxy note 20 ultra 5g|Mystic Black|12GB|256GB
2021-09-27,samsung,samsung galaxy note 20 ultra 5g,Mystic Bronze,12GB,256GB,3.8,89750.0,No,samsung galaxy note 20 ultra 5g|Mystic Bronze|12GB|256GB
2021-09-27,samsung,samsung galaxy note 20 ultra 5g with snapdragon 865+,Mystic Black,12GB,256GB,5.0,95200.0,No,samsung galaxy note 20 ultra 5g with snapdragon 865+|Mystic Black|12GB|256GB
2021-09-27,samsung,samsung galaxy s10 plus sm-g975fcwhins,Ceramic White,12GB,1TB,4.5,59350.0,No,samsung galaxy s10 plus sm-g975fcwhins|Ceramic White|12GB|1TB
2021-09-27,samsung,samsung galaxy s10+ plus,Ceramic Black,12GB,1TB,4.5,64490.0,No,samsung galaxy s10+ plus|Ceramic Black|12GB|1TB
2021-09-27,samsung,samsung galaxy s20 +,Cosmic Gray,8GB,128GB,4.2,72990.0,No,samsung galaxy s20 +|Cosmic Gray|8GB|128GB
2021-09-27,samsung,samsung galaxy s20 fe 5g,Cloud Green,8GB,128GB,4.5,50999.0,No,samsung galaxy s20 fe 5g|Cloud Green|8GB|128GB
2021-09-27,samsung,samsung galaxy s20 fe 5g,Cloud Navy,8GB,128GB,4.4,50999.0,No,samsung galaxy s20 fe 5g|Cloud Navy|8GB|128GB
2021-09-27,samsung,samsung galaxy s20 ultra,Black,12GB,128GB,4.2,74300.0,No,samsung galaxy s20 ultra|Black|12GB|128GB
2021-09-27,samsung,samsung galaxy s20 ultra,Cosmic Gray,12GB,128GB,4.3,79990.0,No,samsung galaxy s20 ultra|Cosmic Gray|12GB|128GB
2021-09-27,samsung,samsung galaxy s21 5g,Phantom Gray,8GB,128GB,4.3,69999.0,No,samsung galaxy s21 5g|Phantom Gray|8GB|128GB
2021-09-27,samsung,samsung galaxy s21 plus 5g,Phantom Silver,8GB,256GB,4.1,64999.0,No,samsung galaxy s21 plus 5g|Phantom Silver|8GB|256GB
2021-09-27,samsung,samsung galaxy s21 ultra,Phantom Black,12GB,256GB,2.2,80000.0,No,samsung galaxy s21 ultra|Phantom Black|12GB|256GB
2021-09-27,samsung,samsung galaxy s21 ultra,Phantom Black,16GB,512GB,4.3,128709.0,No,samsung galaxy s21 ultra|Phantom Black|16GB|512GB
2021-09-27,samsung,samsung galaxy z flip,Mirror Black,8GB,256GB,3.1,65999.0,No,samsung galaxy z flip|Mirror Black|8GB|256GB
2021-09-27,samsung,samsung galaxy z flip,Purple,8GB,256GB,4.1,64990.0,No,samsung galaxy z flip|Purple|8GB|256GB
2021-09-27,samsung,samsung galaxy z fold 2 5g with snapdragon 865+ single sim,Mystic Bronze,12GB,256GB,3.5,118900.0,No,samsung galaxy z fold 2 5g with snapdragon 865+ single sim|Mystic Bronze|12GB|256GB
2021-09-27,samsung,samsung galaxy z fold3 5g,Phantom Black,12GB,256GB,4.0,149999.0,No,samsung galaxy z fold3 5g|Phantom Black|12GB|256GB
2021-09-27,samsung,samsung galaxy z fold3 5g,Phantom Black,12GB,512GB,4.0,157999.0,No,samsung galaxy z fold3 5g|Phantom Black|12GB|512GB
2021-09-27,samsung,samsung galaxy z fold3 5g,Phantom Green,12GB,256GB,4.0,149999.0,No,samsung galaxy z fold3 5g|Phantom Green|12GB|256GB
2021-09-27,samsung,samsung s21 ultra 5g with snapdragon 888,Phantom Black,12GB,256GB,4.4,106500.0,No,samsung s21 ultra 5g with snapdragon 888|Phantom Black|12GB|256GB
2021-09-27,samsung,samsung s21 ultra 5g with snapdragon 888,Phantom Black,16GB,512GB,3.3,122300.0,No,samsung s21 ultra 5g with snapdragon 888|Phantom Black|16GB|512GB
2021-09-28,iqoo,iqoo 7 5g,Monster Orange,12GB,256GB,4.5,35990.0,No,iqoo 7 5g|Monster Orange|12GB|256GB
2021-09-28,iqoo,iqoo 7 5g,Solid Ice Blue,12GB,256GB,4.5,35990.0,No,iqoo 7 5g|Solid Ice Blue|12GB|256GB
2021-09-28,iqoo,iqoo 7 5g,Solid Ice Blue,8GB,128GB,4.5,31990.0,No,iqoo 7 5g|Solid Ice Blue|8GB|128GB
2021-09-28,iqoo,iqoo 7 5g,Solid Ice Blue,8GB,256GB,4.5,33990.0,No,iqoo 7 5g|Solid Ice Blue|8GB|256GB
2021-09-28,iqoo,iqoo 7 5g,Storm Black,12GB,256GB,4.5,35990.0,No,iqoo 7 5g|Storm Black|12GB|256GB
2021-09-28,iqoo,iqoo 7 5g,Storm Black,8GB,128GB,4.5,31990.0,No,iqoo 7 5g|Storm Black|8GB|128GB
2021-09-28,iqoo,iqoo 7 5g,Storm Black,8GB,256GB,4.5,33990.0,No,iqoo 7 5g|Storm Black|8GB|256GB
2021-09-28,iqoo,iqoo 7 legend 5g,Legendary Track Design,12GB,256GB,4.4,43990.0,No,iqoo 7 legend 5g|Legendary Track Design|12GB|256GB
2021-09-28,iqoo,iqoo 7 legend 5g,Legendary Track Design,8GB,128GB,4.4,39990.0,No,iqoo 7 legend 5g|Legendary Track Design|8GB|128GB
2021-09-28,oneplus,oneplus 9 5g,Arctic Sky,12GB,256GB,4.2,54999.0,No,oneplus 9 5g|Arctic Sky|12GB|256GB
2021-09-28,oneplus,oneplus 9 5g,Astral Black,12GB,256GB,4.2,54999.0,No,oneplus 9 5g|Astral Black|12GB|256GB
2021-09-28,oneplus,oneplus 9 5g,Astral Black,8GB,128GB,4.2,49999.0,No,oneplus 9 5g|Astral Black|8GB|128GB
2021-09-28,oneplus,oneplus 9 5g,Winter Mist,12GB,256GB,4.2,54999.0,No,oneplus 9 5g|Winter Mist|12GB|256GB
2021-09-28,oneplus,oneplus 9 pro 5g,Pine Green,12GB,256GB,4.3,69999.0,No,oneplus 9 pro 5g|Pine Green|12GB|256GB
2021-09-28,oneplus,oneplus 9 pro 5g,Pine Green,8GB,128GB,4.3,64999.0,No,oneplus 9 pro 5g|Pine Green|8GB|128GB
2021-09-28,oneplus,oneplus 9r 5g,Lake Blue,12GB,256GB,4.4,43999.0,No,oneplus 9r 5g|Lake Blue|12GB|256GB
2021-09-28,oneplus,oneplus 9r 5g,Lake Blue,8GB,128GB,4.4,39999.0,No,oneplus 9r 5g|Lake Blue|8GB|128GB
2021-09-28,oneplus,oneplus nord 2 5g,Blue Haze,8GB,128GB,4.3,29999.0,No,oneplus nord 2 5g|Blue Haze|8GB|128GB
2021-09-28,oneplus,oneplus nord 2 5g,Gray Sierra,8GB,128GB,4.3,29999.0,No,oneplus nord 2 5g|Gray Sierra|8GB|128GB
2021-09-28,oneplus,oneplus nord ce 5g,Blue Void,8GB,128GB,4.1,24999.0,No,oneplus nord ce 5g|Blue Void|8GB|128GB
2021-09-28,oneplus,oneplus nord ce 5g,Charcoal Ink,8GB,128GB,4.1,24999.0,No,oneplus nord ce 5g|Charcoal Ink|8GB|128GB
2021-09-28,oppo,oppo a15s,Dynamic Black,4GB,64GB,4.2,12900.0,No,oppo a15s|Dynamic Black|4GB|64GB
2021-09-28,oppo,oppo a15s,Dynamic Black,4GB,64GB,4.2,12990.0,No,oppo a15s|Dynamic Black|4GB|64GB
2021-09-28,oppo,oppo a15s,Fancy White,4GB,64GB,4.2,12990.0,No,oppo a15s|Fancy White|4GB|64GB
2021-09-28,oppo,oppo a15s,Rainbow Silver,4GB,64GB,4.2,12990.0,No,oppo a15s|Rainbow Silver|4GB|64GB
2021-09-28,oppo,oppo a15s,White,4GB,64GB,4.2,12900.0,No,oppo a15s|White|4GB|64GB
2021-09-28,oppo,oppo a15s,White,4GB,64GB,4.2,13389.0,No,oppo a15s|White|4GB|64GB
2021-09-28,oppo,oppo a52,Stream White,4GB,128GB,4.2,17000.0,No,oppo a52|Stream White|4GB|128GB
2021-09-28,oppo,oppo f17 pro,Magic Blue,8GB,128GB,4.2,19990.0,No,oppo f17 pro|Magic Blue|8GB|128GB
2021-09-28,oppo,oppo f17 pro,Metallic White,8GB,128GB,4.2,17990.0,No,oppo f17 pro|Metallic White|8GB|128GB
2021-09-28,oppo,oppo f19 pro,Crystal Silver,8GB,128GB,4.2,21990.0,No,oppo f19 pro|Crystal Silver|8GB|128GB
2021-09-28,oppo,oppo f19 pro,Fluid Black,8GB,128GB,4.2,21990.0,No,oppo f19 pro|Fluid Black|8GB|128GB
2021-09-28,oppo,oppo f19 pro+ 5g,Fluid Black,8GB,128GB,4.2,25990.0,No,oppo f19 pro+ 5g|Fluid Black|8GB|128GB
2021-09-28,oppo,oppo f19 pro+ 5g,Space Silver,8GB,128GB,4.2,25990.0,No,oppo f19 pro+ 5g|Space Silver|8GB|128GB
2021-09-28,oppo,oppoa53,Fancy Blue,4GB,64GB,4.2,12999.0,No,oppoa53|Fancy Blue|4GB|64GB
2021-09-28,oppo,oppoa53,Fancy Blue,4GB,64GB,4.2,14899.0,No,oppoa53|Fancy Blue|4GB|64GB
2021-09-28,realme,realme 3,Dynamic Black,3GB,32GB,4.2,10900.0,No,realme 3|Dynamic Black|3GB|32GB
2021-09-28,realme,realme 3,Dynamic Black,3GB,64GB,4.2,11999.0,No,realme 3|Dynamic Black|3GB|64GB
2021-09-28,realme,realme 7,Mist Blue,8GB,128GB,4.2,17999.0,No,realme 7|Mist Blue|8GB|128GB
2021-09-28,realme,realme c11,Cool Blue,2GB,32GB,4.1,7299.0,No,realme c11|Cool Blue|2GB|32GB
2021-09-28,realme,realme c11,Cool Grey,2GB,32GB,4.1,7299.0,No,realme c11|Cool Grey|2GB|32GB
2021-09-28,realme,realme narzo 30,Racing Sliver,4GB,64GB,4.1,13499.0,No,realme narzo 30|Racing Sliver|4GB|64GB
2021-09-28,realme,realme narzo 30 pro,Sword Black,8GB,128GB,4.2,21900.0,No,realme narzo 30 pro|Sword Black|8GB|128GB
2021-09-28,realme,realme x7,Nebula,8GB,128GB,4.2,24990.0,No,realme x7|Nebula|8GB|128GB
2021-09-29,mi,mi 10,Coral Green,8GB,128GB,4.0,49999.0,No,mi 10|Coral Green|8GB|128GB
2021-09-29,mi,mi 10,Coral Green,8GB,256GB,4.0,54999.0,No,mi 10|Coral Green|8GB|256GB
2021-09-29,mi,mi 10i 5g,Atlantic Blue,6GB,128GB,4.2,21999.0,No,mi 10i 5g|Atlantic Blue|6GB|128GB
2021-09-29,mi,mi 10i 5g,Midnight Black,6GB,128GB,4.2,21999.0,No,mi 10i 5g|Midnight Black|6GB|128GB
2021-09-29,mi,mi 10t 5g,Cosmic Black,8GB,128GB,4.2,34999.0,No,mi 10t 5g|Cosmic Black|8GB|128GB
2021-09-29,mi,mi 10t pro 5g,Cosmic Black,8GB,128GB,4.1,36999.0,No,mi 10t pro 5g|Cosmic Black|8GB|128GB
2021-09-29,mi,mi 11x 5g,Cosmic Black,8GB,128GB,4.1,31999.0,No,mi 11x 5g|Cosmic Black|8GB|128GB
2021-09-29,mi,mi 11x pro 5g,Celestial Silver,8GB,128GB,3.9,39999.0,No,mi 11x pro 5g|Celestial Silver|8GB|128GB
2021-09-29,mi,mi 11x pro 5g,Celestial Silver,8GB,256GB,3.9,41999.0,No,mi 11x pro 5g|Celestial Silver|8GB|256GB
2021-09-29,mi,mi 11x pro 5g,Cosmic Black,8GB,128GB,3.9,39999.0,No,mi 11x pro 5g|Cosmic Black|8GB|128GB
2021-09-29,mi,mi 11x pro 5g,Cosmic Black,8GB,256GB,3.9,41999.0,No,mi 11x pro 5g|Cosmic Black|8GB|256GB
2021-09-29,mi,mi 11x pro 5g,Lunar White,8GB,128GB,3.9,39999.0,No,mi 11x pro 5g|Lunar White|8GB|128GB
2021-09-29,mi,mi 11x pro 5g,Lunar White,8GB,256GB,3.9,41999.0,No,mi 11x pro 5g|Lunar White|8GB|256GB
2021-09-29,redmi,redmi 9 power,Electric Green,6GB,128GB,4.2,13499.0,No,redmi 9 power|Electric Green|6GB|128GB
2021-09-29,redmi,redmi 9 power,Fiery Red,4GB,64GB,4.2,11499.0,No,redmi 9 power|Fiery Red|4GB|64GB
2021-09-29,redmi,redmi 9 power,Fiery Red,6GB,128GB,4.2,13499.0,No,redmi 9 power|Fiery Red|6GB|128GB
2021-09-29,redmi,redmi 9 prime,Sunrise Flare,4GB,64GB,4.3,10499.0,No,redmi 9 prime|Sunrise Flare|4GB|64GB
2021-09-29,redmi,redmi 9a,Midnight Black,2GB,32GB,4.3,6999.0,No,redmi 9a|Midnight Black|2GB|32GB
2021-09-29,redmi,redmi 9a,Midnight Black,3GB,32GB,4.2,7999.0,No,redmi 9a|Midnight Black|3GB|32GB
2021-09-29,redmi,redmi 9a,Nature Green,3GB,32GB,4.2,7999.0,No,redmi 9a|Nature Green|3GB|32GB
2021-09-29,redmi,redmi note 10,Frost White,4GB,64GB,4.2,13999.0,No,redmi note 10|Frost White|4GB|64GB
2021-09-29,redmi,redmi note 10,Shadow Black,4GB,64GB,4.2,13999.0,No,redmi note 10|Shadow Black|4GB|64GB
2021-09-29,redmi,redmi note 10 pro,Vintage Bronze,6GB,128GB,4.2,17999.0,No,redmi note 10 pro|Vintage Bronze|6GB|128GB
2021-09-29,redmi,redmi note 10 pro max,Dark Night,8GB,128GB,4.1,21999.0,No,redmi note 10 pro max|Dark Night|8GB|128GB
2021-09-29,redmi,redmi note 10 pro max,Glacial Blue,6GB,128GB,4.1,19999.0,No,redmi note 10 pro max|Glacial Blue|6GB|128GB
2021-09-29,redmi,redmi note 10s,Cosmic Purple,6GB,128GB,4.1,16499.0,No,redmi note 10s|Cosmic Purple|6GB|128GB
2021-09-29,redmi,redmi note 10s,Frost White,6GB,64GB,4.1,14999.0,No,redmi note 10s|Frost White|6GB|64GB
2021-09-29,redmi,redmi note 10t 5g,Graphite Black,4GB,64GB,4.1,14999.0,No,redmi note 10t 5g|Graphite Black|4GB|64GB
2021-09-29,redmi,redmi note 10t 5g,Metallic Blue,4GB,64GB,4.1,14999.0,No,redmi note 10t 5g|Metallic Blue|4GB|64GB
2021-09-29,redmi,redmi note 10t 5g,Metallic Blue,6GB,128GB,4.1,16999.0,No,redmi note 10t 5g|Metallic Blue|6GB|128GB
2021-09-29,redmi,redmi note 8 pro,Electric Blue,6GB,64GB,4.4,16490.0,No,redmi note 8 pro|Electric Blue|6GB|64GB
2021-09-29,redmi,redmi note 8 pro,Gamma Green,6GB,64GB,4.4,15990.0,No,redmi note 8 pro|Gamma Green|6GB|64GB
2021-09-29,redmi,redmi note 8 pro,Halo White,6GB,128GB,4.4,17490.0,No,redmi note 8 pro|Halo White|6GB|128GB
2021-09-29,redmi,redmi note 8 pro,Halo White,6GB,64GB,4.4,15890.0,No,redmi note 8 pro|Halo White|6GB|64GB
2021-09-29,redmi,redmi note 8 pro,Shadow Black,6GB,128GB,4.4,17490.0,No,redmi note 8 pro|Shadow Black|6GB|128GB
2021-09-29,redmi,redmi note 8 pro,Shadow Black,6GB,64GB,4.4,15980.0,No,redmi note 8 pro|Shadow Black|6GB|64GB
2021-09-29,redmi,redmi note 8 pro,Shadow Black,8GB,128GB,4.4,17934.0,No,redmi note 8 pro|Shadow Black|8GB|128GB
2021-09-29,redmi,redmi note 9,Aqua Green,4GB,64GB,4.3,11999.0,No,redmi note 9|Aqua Green|4GB|64GB
2021-09-29,redmi,redmi note 9 pro,Glacier White,4GB,64GB,4.3,13999.0,No,redmi note 9 pro|Glacier White|4GB|64GB
2021-09-29,tecno,tecno camon iair2+,Gold,2GB,32GB,5.0,8930.0,No,tecno camon iair2+|Gold|2GB|32GB
2021-09-29,tecno,tecno pova 2,Dazzle Black,6GB,128GB,4.1,13499.0,No,tecno pova 2|Dazzle Black|6GB|128GB
2021-09-29,tecno,tecno pova 2,Energy Blue,4GB,64GB,4.1,10999.0,No,tecno pova 2|Energy Blue|4GB|64GB
2021-09-29,tecno,tecno pova 2,Polar Silver,4GB,64GB,4.1,10999.0,No,tecno pova 2|Polar Silver|4GB|64GB
2021-09-29,tecno,tecno spark 7t,Magnet Black,4GB,64GB,4.0,9499.0,No,tecno spark 7t|Magnet Black|4GB|64GB
2021-09-29,vivo,vivo s1,Diamond Black,4GB,128GB,4.4,18990.0,No,vivo s1|Diamond Black|4GB|128GB
2021-09-29,vivo,vivo s1,Skyline Blue,4GB,128GB,4.4,14999.0,No,vivo s1|Skyline Blue|4GB|128GB
2021-09-29,vivo,vivo s1,Skyline Blue,6GB,64GB,4.4,17490.0,No,vivo s1|Skyline Blue|6GB|64GB
2021-09-29,vivo,vivo v11 pro,Dazzling Gold,6GB,64GB,4.4,28990.0,No,vivo v11 pro|Dazzling Gold|6GB|64GB
2021-09-29,vivo,vivo v11 pro,Starry Night Black,6GB,64GB,4.4,28990.0,No,vivo v11 pro|Starry Night Black|6GB|64GB
2021-09-29,vivo,vivo v11 pro 1804,Supernova Red,6GB,64GB,4.4,28990.0,No,vivo v11 pro 1804|Supernova Red|6GB|64GB
2021-09-29,vivo,vivo v17,Glacier Ice,8GB,128GB,4.4,20490.0,No,vivo v17|Glacier Ice|8GB|128GB
2021-09-29,vivo,vivo v17,Midnight Ocean,8GB,128GB,4.4,21990.0,No,vivo v17|Midnight Ocean|8GB|128GB
2021-09-29,vivo,vivo v19,Mystic Silver,8GB,256GB,4.4,24990.0,No,vivo v19|Mystic Silver|8GB|256GB
2021-09-29,vivo,vivo v19,Mystic Silver,8GB,256GB,4.4,33999.0,No,vivo v19|Mystic Silver|8GB|256GB
2021-09-29,vivo,vivo v19,Piano Black,8GB,128GB,4.4,23487.0,No,vivo v19|Piano Black|8GB|128GB
2021-09-29,vivo,vivo v19,Piano Black,8GB,256GB,4.4,24990.0,No,vivo v19|Piano Black|8GB|256GB
2021-09-29,vivo,vivo v20 se,Aquamarine Green,8GB,128GB,4.4,18990.0,No,vivo v20 se|Aquamarine Green|8GB|128GB
2021-09-29,vivo,vivo v21 5g,Dusk Blue,8GB,256GB,4.3,32990.0,No,vivo v21 5g|Dusk Blue|8GB|256GB
2021-09-29,vivo,vivo v21 5g,Sunset Dazzle,8GB,256GB,4.2,32990.0,No,vivo v21 5g|Sunset Dazzle|8GB|256GB
2021-09-29,vivo,vivo vz1 pro,Sonic Blue,4GB,64GB,4.4,11800.0,No,vivo vz1 pro|Sonic Blue|4GB|64GB
2021-09-29,vivo,vivo x50,Frost Blue,8GB,256GB,4.3,37990.0,No,vivo x50|Frost Blue|8GB|256GB
2021-09-29,vivo,vivo x50,Glaze Black,8GB,128GB,4.3,34990.0,No,vivo x50|Glaze Black|8GB|128GB
2021-09-29,vivo,vivo x50,Glaze Black,8GB,128GB,4.3,36000.0,No,vivo x50|Glaze Black|8GB|128GB
2021-09-29,vivo,vivo x50,Glaze Black,8GB,256GB,4.3,37990.0,No,vivo x50|Glaze Black|8GB|256GB
2021-09-29,vivo,vivo x60,Midnight Black,12GB,256GB,4.3,39990.0,No,vivo x60|Midnight Black|12GB|256GB
2021-09-29,vivo,vivo x60,Midnight Black,8GB,128GB,4.3,34990.0,No,vivo x60|Midnight Black|8GB|128GB
2021-09-29,vivo,vivo x60,Shimmer Blue,12GB,256GB,4.3,39990.0,No,vivo x60|Shimmer Blue|12GB|256GB
2021-09-29,vivo,vivo x60,Shimmer Blue,8GB,128GB,4.3,34990.0,No,vivo x60|Shimmer Blue|8GB|128GB
2021-09-29,vivo,vivo y73,Diamond Flare,8GB,128GB,4.4,20990.0,No,vivo y73|Diamond Flare|8GB|128GB
2021-09-30,oneplus,oneplus 7t,Glacier Blue,12GB,256GB,4.5,39999.0,No,oneplus 7t|Glacier Blue|12GB|256GB
2021-09-30,oneplus,oneplus 8,Glacial Green,6GB,128GB,4.4,39999.0,No,oneplus 8|Glacial Green|6GB|128GB
2021-09-30,oneplus,oneplus 8t 5g,Aquamarine Green,8GB,128GB,4.4,38999.0,No,oneplus 8t 5g|Aquamarine Green|8GB|128GB
2021-09-30,oneplus,oneplus 8t 5g,Lunar Silver,8GB,128GB,4.4,38999.0,No,oneplus 8t 5g|Lunar Silver|8GB|128GB
2021-09-30,oneplus,oneplus 9r 5g,Carbon Black,12GB,256 GB,4.4,43999.0,No,oneplus 9r 5g|Carbon Black|12GB|256 GB
2021-09-30,oneplus,oneplus 9r 5g,Carbon Black,8GB,128GB,4.4,39999.0,No,oneplus 9r 5g|Carbon Black|8GB|128GB
2021-09-30,oneplus,oneplus 9r 5g,Lake Blue,8GB,128GB,4.4,39999.0,No,oneplus 9r 5g|Lake Blue|8GB|128GB
2021-09-30,oneplus,oneplus nord 2 5g,Blue Haze,12GB,256GB,4.3,34999.0,No,oneplus nord 2 5g|Blue Haze|12GB|256GB
2021-09-30,oneplus,oneplus nord 2 5g,Blue Haze,8GB,128GB,4.3,29999.0,No,oneplus nord 2 5g|Blue Haze|8GB|128GB
2021-09-30,oneplus,oneplus nord 2 5g,Gray Sierra,12GB,256GB,4.3,34999.0,No,oneplus nord 2 5g|Gray Sierra|12GB|256GB
2021-09-30,oneplus,oneplus nord 2 5g,Gray Sierra,8GB,128GB,4.3,29999.0,No,oneplus nord 2 5g|Gray Sierra|8GB|128GB
2021-09-30,oneplus,oneplus nord 2 5g,Green Woods,12GB,256GB,4.3,34999.0,No,oneplus nord 2 5g|Green Woods|12GB|256GB
2021-09-30,realme,realme u1,Ambitious Black,4GB,64GB,4.3,15499.0,No,realme u1|Ambitious Black|4GB|64GB
2021-09-30,realme,realme u1,Brave Blue,4GB,64GB,4.3,9999.0,No,realme u1|Brave Blue|4GB|64GB
2021-09-30,samsung,samsung galaxy a71,Prism Crush Black,8GB,128GB,4.4,27499.0,No,samsung galaxy a71|Prism Crush Black|8GB|128GB
2021-09-30,samsung,samsung galaxy m21 2021 edition,Charcoal black,6GB,128GB,4.2,14999.0,Yes,samsung galaxy m21 2021 edition|Charcoal black|6GB|128GB
2021-09-30,samsung,samsung galaxy m51,Celestial Black,6GB,128GB,4.4,19999.0,No,samsung galaxy m51|Celestial Black|6GB|128GB
2021-09-30,samsung,samsung galaxy m51,Electric Blue,6GB,128GB,4.4,19999.0,No,samsung galaxy m51|Electric Blue|6GB|128GB
2021-09-30,samsung,samsung galaxy note 10,Aura Red,8GB,256GB,4.4,59999.0,No,samsung galaxy note 10|Aura Red|8GB|256GB
2021-09-30,samsung,samsung galaxy note 9,Ocean Blue,8GB,512GB,4.4,53950.0,No,samsung galaxy note 9|Ocean Blue|8GB|512GB
2021-09-30,samsung,samsung galaxy s10 plus sm-g975fcwhins,Ceramic White,12GB,1TB,4.5,63240.0,No,samsung galaxy s10 plus sm-g975fcwhins|Ceramic White|12GB|1TB
2021-09-30,samsung,samsung galaxy s20 fe 5g,Cloud Green,8GB,128GB,4.5,50999.0,No,samsung galaxy s20 fe 5g|Cloud Green|8GB|128GB
2021-09-30,samsung,samsung galaxy s20 fe 5g,Cloud Navy,8GB,128GB,4.4,50999.0,No,samsung galaxy s20 fe 5g|Cloud Navy|8GB|128GB
2021-09-30,samsung,samsung galaxy z fold2 5g,Mystic Black,12GB,256GB,4.6,134999.0,No,samsung galaxy z fold2 5g|Mystic Black|12GB|256GB
2021-09-30,tecno,tecno camon 17,Frost Silver,6GB,128GB,3.8,13999.0,No,tecno camon 17|Frost Silver|6GB|128GB
2021-09-30,tecno,tecno camon 17,Frost Silver,6GB,128GB,3.8,15998.0,No,tecno camon 17|Frost Silver|6GB|128GB
2021-09-30,tecno,tecno camon 17,Magnet Black,6GB,128GB,3.8,13999.0,No,tecno camon 17|Magnet Black|6GB|128GB
2021-09-30,tecno,tecno camon 17,Magnet Black,6GB,128GB,3.8,15998.0,No,tecno camon 17|Magnet Black|6GB|128GB
2021-09-30,tecno,tecno camon 17,Spruce Green,6GB,128GB,3.8,13999.0,No,tecno camon 17|Spruce Green|6GB|128GB
2021-09-30,tecno,tecno camon 17,Spruce Green,6GB,128GB,3.8,15998.0,No,tecno camon 17|Spruce Green|6GB|128GB
2021-09-30,tecno,tecno camon 17 pro,Arctic Down,8GB,128GB,4.0,16999.0,No,tecno camon 17 pro|Arctic Down|8GB|128GB
2021-09-30,tecno,tecno camon iair2+,Gold,2GB,32GB,5.0,8930.0,No,tecno camon iair2+|Gold|2GB|32GB
2021-09-30,tecno,tecno mobile i5 pro,Champagne Gold,3GB,32GB,4.0,12590.0,No,tecno mobile i5 pro|Champagne Gold|3GB|32GB
2021-09-30,tecno,tecno mobiles i7,Grey,4GB,32GB,3.6,14490.0,No,tecno mobiles i7|Grey|4GB|32GB
2021-09-30,tecno,tecno mobiles tecno i5 pro,Midnight Black,3GB,32GB,3.6,13861.0,No,tecno mobiles tecno i5 pro|Midnight Black|3GB|32GB
2021-09-30,tecno,tecno pova,Magic Blue,6GB,128GB,1.0,12498.0,No,tecno pova|Magic Blue|6GB|128GB
2021-09-30,tecno,tecno pova 2,Dazzle Black,6GB,128GB,4.1,13499.0,No,tecno pova 2|Dazzle Black|6GB|128GB
2021-09-30,tecno,tecno pova 2,Dazzle Black,6GB,128GB,4.1,15498.0,No,tecno pova 2|Dazzle Black|6GB|128GB
2021-09-30,tecno,tecno pova 2,Energy Blue,4GB,64GB,3.9,12998.0,No,tecno pova 2|Energy Blue|4GB|64GB
2021-09-30,tecno,tecno pova 2,Polar Silver,4GB,64GB,1.0,12998.0,No,tecno pova 2|Polar Silver|4GB|64GB
2021-09-30,tecno,tecno spark 7 pro,Alps Blue,6GB,64GB,3.0,12499.0,No,tecno spark 7 pro|Alps Blue|6GB|64GB
2021-09-30,tecno,tecno spark 7 pro,Alps Blue,6GB,64GB,3.9,13074.0,No,tecno spark 7 pro|Alps Blue|6GB|64GB
2021-09-30,tecno,tecno spark 7 pro,Magnet Black,6GB,64GB,2.0,12499.0,No,tecno spark 7 pro|Magnet Black|6GB|64GB
2021-09-30,tecno,tecno spark 7 pro,Magnet Black,6GB,64GB,3.9,13074.0,No,tecno spark 7 pro|Magnet Black|6GB|64GB
2021-09-30,tecno,tecno spark 7 pro,Spruce Green,6GB,64GB,1.0,12799.0,No,tecno spark 7 pro|Spruce Green|6GB|64GB
2021-09-30,tecno,tecno spark 7t,Jewel Blue,4GB,128GB,3.9,12598.0,No,tecno spark 7t|Jewel Blue|4GB|128GB
2021-09-30,tecno,tecno spark 7t,Magnet Black,4GB,128GB,3.9,12598.0,No,tecno spark 7t|Magnet Black|4GB|128GB
2021-09-30,tecno,tecno spark 7t,Nebula Orange,4GB,128GB,4.0,12598.0,No,tecno spark 7t|Nebula Orange|4GB|128GB
