,Date,Brand,Model,Color,RAM,ROM,Ratings out of 5,Price,Sponsored,Model_Specs
0,2021-10-02,iQOO,iQOO 7 Legend 5G,White,8GB,128GB,4.3,39990.0,No,iQOO 7 Legend 5G|White|8GB|128GB
1,2021-10-02,iQOO,iQOO Z3 5G,Cyber Blue,8GB,256GB,4.3,20990.0,No,iQOO Z3 5G|Cyber Blue|8GB|256GB
2,2021-10-02,Mi,Mi 10,Coral Green,8GB,128GB,4.0,49999.0,No,Mi 10|Coral Green|8GB|128GB
3,2021-10-02,Mi,Mi 10,Coral Green,8GB,256GB,4.0,54999.0,No,Mi 10|Coral Green|8GB|256GB
4,2021-10-02,Mi,Mi 11X 5G,Celestial Silver,6GB,128GB,4.0,26999.0,No,Mi 11X 5G|Celestial Silver|6GB|128GB
5,2021-10-02,Mi,Mi 11X 5G,Cosmic Black,6GB,128GB,4.0,26999.0,No,Mi 11X 5G|Cosmic Black|6GB|128GB
6,2021-10-02,OnePlus,OnePlus 9 5G,Arctic Sky,12GB,256GB,4.2,51999.0,No,OnePlus 9 5G|Arctic Sky|12GB|256GB
7,2021-10-02,OnePlus,OnePlus 9 5G,Arctic Sky,8GB,128GB,4.2,46999.0,No,OnePlus 9 5G|Arctic Sky|8GB|128GB
8,2021-10-02,OnePlus,OnePlus 9 5G,Astral Black,12GB,256GB,4.2,51999.0,No,OnePlus 9 5G|Astral Black|12GB|256GB
9,2021-10-02,OnePlus,OnePlus 9 5G,Astral Black,8GB,128GB,4.2,46999.0,No,OnePlus 9 5G|Astral Black|8GB|128GB
10,2021-10-02,OnePlus,OnePlus 9 5G,Winter Mist,12GB,256GB,4.2,51999.0,No,OnePlus 9 5G|Winter Mist|12GB|256GB
11,2021-10-02,OnePlus,OnePlus 9 Pro 5G,Morning Mist,12GB,256GB,4.3,65999.0,No,OnePlus 9 Pro 5G|Morning Mist|12GB|256GB
12,2021-10-02,OnePlus,OnePlus 9 Pro 5G,Morning Mist,8GB,128GB,4.3,60999.0,No,OnePlus 9 Pro 5G|Morning Mist|8GB|128GB
13,2021-10-02,OnePlus,OnePlus 9 Pro 5G,Pine Green,12GB,256GB,4.3,65999.0,No,OnePlus 9 Pro 5G|Pine Green|12GB|256GB
14,2021-10-02,OnePlus,OnePlus 9 Pro 5G,Pine Green,8GB,128GB,4.3,60999.0,No,OnePlus 9 Pro 5G|Pine Green|8GB|128GB
15,2021-10-02,OnePlus,OnePlus 9 Pro 5G,Stellar Black,12GB,256GB,4.3,65999.0,No,OnePlus 9 Pro 5G|Stellar Black|12GB|256GB
16,2021-10-02,OnePlus,OnePlus 9 Pro 5G,Stellar Black,8GB,128GB,4.3,60999.0,No,OnePlus 9 Pro 5G|Stellar Black|8GB|128GB
17,2021-10-02,OnePlus,OnePlus 9R 5G,Carbon Black,12GB,256GB,4.4,40999.0,No,OnePlus 9R 5G|Carbon Black|12GB|256GB
18,2021-10-02,OnePlus,OnePlus 9R 5G,Carbon Black,8GB,128GB,4.1,36999.0,No,OnePlus 9R 5G|Carbon Black|8GB|128GB
19,2021-10-02,OnePlus,OnePlus 9R 5G,Lake Blue,12GB,256GB,4.4,40999.0,No,OnePlus 9R 5G|Lake Blue|12GB|256GB
20,2021-10-02,OnePlus,OnePlus 9R 5G,Lake Blue,8GB,128GB,4.4,36999.0,No,OnePlus 9R 5G|Lake Blue|8GB|128GB
21,2021-10-02,OnePlus,OnePlus Nord 2 5G,Blue Haze,8GB,128GB,4.3,29999.0,No,OnePlus Nord 2 5G|Blue Haze|8GB|128GB
22,2021-10-02,OnePlus,OnePlus Nord 2 5G,Gray Sierra,8GB,128GB,4.3,29999.0,No,OnePlus Nord 2 5G|Gray Sierra|8GB|128GB
23,2021-10-02,OnePlus,OnePlus Nord CE 5G,Blue Void,8GB,128GB,4.1,24999.0,No,OnePlus Nord CE 5G|Blue Void|8GB|128GB
24,2021-10-02,OnePlus,OnePlus Nord CE 5G,Charcoal Ink,8GB,128GB,4.1,24999.0,No,OnePlus Nord CE 5G|Charcoal Ink|8GB|128GB
25,2021-10-02,OPPO,OPPO A15,Dynamic Black,2GB,32GB,4.2,9490.0,No,OPPO A15|Dynamic Black|2GB|32GB
26,2021-10-02,OPPO,OPPO A15,Mystery Blue,3GB,32GB,4.2,10990.0,No,OPPO A15|Mystery Blue|3GB|32GB
27,2021-10-02,OPPO,OPPO A15,Rainbow Silver,2GB,32GB,4.2,9490.0,No,OPPO A15|Rainbow Silver|2GB|32GB
28,2021-10-02,OPPO,OPPO A31,Fantasy White,6GB,128GB,4.2,11490.0,No,OPPO A31|Fantasy White|6GB|128GB
29,2021-10-02,OPPO,Oppo A52,Twilight Black,6GB,128GB,4.3,14990.0,No,Oppo A52|Twilight Black|6GB|128GB
30,2021-10-02,OPPO,OPPO F11 Pro,Aurora Green,6GB,128GB,4.3,26999.0,No,OPPO F11 Pro|Aurora Green|6GB|128GB
31,2021-10-02,OPPO,OPPO F11 Pro,Aurora Green,6GB,64GB,4.3,25999.0,No,OPPO F11 Pro|Aurora Green|6GB|64GB
32,2021-10-02,OPPO,OPPO F11 Pro,Thunder Black,6GB,128GB,4.3,27980.0,No,OPPO F11 Pro|Thunder Black|6GB|128GB
33,2021-10-02,OPPO,OPPO F11 Pro,Thunder Black,6GB,64GB,4.3,19180.0,No,OPPO F11 Pro|Thunder Black|6GB|64GB
34,2021-10-02,OPPO,OPPO Find X,Bordeaux Red,8GB,256GB,4.4,47999.0,No,OPPO Find X|Bordeaux Red|8GB|256GB
35,2021-10-02,OPPO,Oppo Reno 6 Pro 5G,Aurora,12GB,256GB,4.4,39999.0,No,Oppo Reno 6 Pro 5G|Aurora|12GB|256GB
36,2021-10-02,Realme,realme C11,Cool Blue,2GB,32GB,4.1,7299.0,No,realme C11|Cool Blue|2GB|32GB
37,2021-10-02,Realme,Realme GT,Grey,8GB,128GB,4.5,40499.0,No,Realme GT|Grey|8GB|128GB
38,2021-10-02,Realme,realme U1,Ambitious Black,4GB,64GB,4.3,15499.0,No,realme U1|Ambitious Black|4GB|64GB
39,2021-10-02,Realme,Realme X50 Pro,Moss Green,12GB,256GB,4.3,45999.0,No,Realme X50 Pro|Moss Green|12GB|256GB
40,2021-10-02,Redmi,Redmi 10 Prime,Bifrost Blue,4GB,64GB,3.5,11999.0,No,Redmi 10 Prime|Bifrost Blue|4GB|64GB
41,2021-10-02,Redmi,Redmi 10 Prime,Phantom Black,4GB,64GB,3.5,11999.0,No,Redmi 10 Prime|Phantom Black|4GB|64GB
42,2021-10-02,Redmi,Redmi 9,Carbon Black,4GB,64GB,4.2,8499.0,No,Redmi 9|Carbon Black|4GB|64GB
43,2021-10-02,Redmi,Redmi 9,Sky Blue,4GB,64GB,4.2,8499.0,No,Redmi 9|Sky Blue|4GB|64GB
44,2021-10-02,Redmi,Redmi 9,Sporty Orange,4GB,64GB,4.2,8499.0,No,Redmi 9|Sporty Orange|4GB|64GB
45,2021-10-02,Redmi,Redmi 9 Power,Blazing Blue,4GB,64GB,4.2,10499.0,No,Redmi 9 Power|Blazing Blue|4GB|64GB
46,2021-10-02,Redmi,Redmi 9 Power,Fiery Red,4GB,64GB,4.2,10499.0,No,Redmi 9 Power|Fiery Red|4GB|64GB
47,2021-10-02,Redmi,Redmi 9 Power,Mighty Black,4GB,64GB,4.2,10499.0,No,Redmi 9 Power|Mighty Black|4GB|64GB
48,2021-10-02,Redmi,Redmi 9 Prime,Matte Black,4GB,64GB,4.3,9999.0,No,Redmi 9 Prime|Matte Black|4GB|64GB
49,2021-10-02,Redmi,Redmi 9 Prime,Mint Green,4GB,64GB,3.0,9999.0,No,Redmi 9 Prime|Mint Green|4GB|64GB
50,2021-10-02,Redmi,Redmi 9 Prime,Mint Green,4GB,64GB,4.3,9999.0,No,Redmi 9 Prime|Mint Green|4GB|64GB
51,2021-10-02,Redmi,Redmi 9 Prime,Space Blue,4GB,64GB,4.0,9999.0,No,Redmi 9 Prime|Space Blue|4GB|64GB
52,2021-10-02,Redmi,Redmi 9 Prime,Space Blue,4GB,64GB,4.3,9999.0,No,Redmi 9 Prime|Space Blue|4GB|64GB
53,2021-10-02,Redmi,Redmi 9 Prime,Sunrise Flare,4GB,64GB,4.3,9999.0,No,Redmi 9 Prime|Sunrise Flare|4GB|64GB
54,2021-10-02,Redmi,Redmi 9A,Midnight Black,2GB,32GB,4.2,6799.0,No,Redmi 9A|Midnight Black|2GB|32GB
55,2021-10-02,Redmi,Redmi 9A,Nature Green,2GB,32GB,4.2,6799.0,No,Redmi 9A|Nature Green|2GB|32GB
56,2021-10-02,Redmi,Redmi 9A,Sea Blue,2GB,32GB,4.2,6799.0,No,Redmi 9A|Sea Blue|2GB|32GB
57,2021-10-02,Redmi,Redmi Note 10,Aqua Green,4GB,64GB,4.2,13999.0,No,Redmi Note 10|Aqua Green|4GB|64GB
58,2021-10-02,Redmi,Redmi Note 10 Pro,Dark Night,6GB,128GB,4.2,16499.0,No,Redmi Note 10 Pro|Dark Night|6GB|128GB
59,2021-10-02,Redmi,Redmi Note 10 Pro,Glacial Blue,6GB,128GB,4.2,16499.0,No,Redmi Note 10 Pro|Glacial Blue|6GB|128GB
60,2021-10-02,Redmi,Redmi Note 10 Pro,Vintage Bronze,6GB,128GB,4.2,16499.0,No,Redmi Note 10 Pro|Vintage Bronze|6GB|128GB
61,2021-10-02,Redmi,Redmi Note 10 Pro Max,Dark Night,6GB,128GB,4.1,18999.0,No,Redmi Note 10 Pro Max|Dark Night|6GB|128GB
62,2021-10-02,Redmi,Redmi Note 10 Pro Max,Vintage Bronze,6GB,128GB,4.3,18999.0,No,Redmi Note 10 Pro Max|Vintage Bronze|6GB|128GB
63,2021-10-02,Redmi,Redmi Note 10S,Deep Sea Blue,6GB,64GB,4.1,12999.0,No,Redmi Note 10S|Deep Sea Blue|6GB|64GB
64,2021-10-02,Redmi,Redmi Note 10S,Frost White,6GB,64GB,4.1,12999.0,No,Redmi Note 10S|Frost White|6GB|64GB
65,2021-10-02,Redmi,Redmi Note 10S,Shadow Black,6GB,64GB,4.1,12999.0,No,Redmi Note 10S|Shadow Black|6GB|64GB
66,2021-10-02,Redmi,Redmi Note 5 Pro,Gold,4GB,64GB,4.3,13990.0,No,Redmi Note 5 Pro|Gold|4GB|64GB
67,2021-10-02,Redmi,Redmi Note 5 Pro,Rose Gold,4GB,64GB,4.3,13990.0,No,Redmi Note 5 Pro|Rose Gold|4GB|64GB
68,2021-10-02,Redmi,Redmi Note 8,Cosmic Purple,6GB,128GB,4.3,14990.0,No,Redmi Note 8|Cosmic Purple|6GB|128GB
69,2021-10-02,Redmi,Redmi Note 8,Moonlight White,6GB,128GB,4.3,14999.0,No,Redmi Note 8|Moonlight White|6GB|128GB
70,2021-10-02,Redmi,Redmi Note 8,Neptune Blue,6GB,128GB,4.3,14990.0,No,Redmi Note 8|Neptune Blue|6GB|128GB
71,2021-10-02,Redmi,Redmi Note 8,Space Black,6GB,128GB,4.3,15900.0,No,Redmi Note 8|Space Black|6GB|128GB
72,2021-10-02,Redmi,Redmi Note 9,Pebble Grey,4GB,128GB,4.3,12999.0,No,Redmi Note 9|Pebble Grey|4GB|128GB
73,2021-10-02,Samsung,Samsung Galaxy M12,Black,4GB,64GB,4.1,9499.0,No,Samsung Galaxy M12|Black|4GB|64GB
74,2021-10-02,Samsung,Samsung Galaxy M12,Black,6GB,128GB,4.1,11499.0,No,Samsung Galaxy M12|Black|6GB|128GB
75,2021-10-02,Samsung,Samsung Galaxy M12,Blue,4GB,64GB,4.1,9499.0,No,Samsung Galaxy M12|Blue|4GB|64GB
76,2021-10-02,Samsung,Samsung Galaxy M12,Blue,6GB,128GB,4.1,11499.0,No,Samsung Galaxy M12|Blue|6GB|128GB
77,2021-10-02,Samsung,Samsung Galaxy M12,White,4GB,64GB,4.1,9499.0,No,Samsung Galaxy M12|White|4GB|64GB
78,2021-10-02,Samsung,Samsung Galaxy M21 2021 Edition,Arctic Blue,4GB,64GB,4.3,12499.0,No,Samsung Galaxy M21 2021 Edition|Arctic Blue|4GB|64GB
79,2021-10-02,Samsung,Samsung Galaxy M30s,Sapphire Blue,6GB,128GB,4.3,17999.0,No,Samsung Galaxy M30s|Sapphire Blue|6GB|128GB
80,2021-10-02,Samsung,Samsung Galaxy M31,Ocean Blue,8GB,128GB,4.2,16999.0,No,Samsung Galaxy M31|Ocean Blue|8GB|128GB
81,2021-10-02,Samsung,Samsung Galaxy M32,Black,4GB,64GB,4.2,12499.0,No,Samsung Galaxy M32|Black|4GB|64GB
82,2021-10-02,Samsung,Samsung Galaxy M32,Black,6GB,128GB,4.2,14499.0,No,Samsung Galaxy M32|Black|6GB|128GB
83,2021-10-02,Samsung,Samsung Galaxy M32,Light Blue,4GB,64GB,4.2,12499.0,No,Samsung Galaxy M32|Light Blue|4GB|64GB
84,2021-10-02,Samsung,Samsung Galaxy M32,Light Blue,6GB,128GB,4.2,14499.0,No,Samsung Galaxy M32|Light Blue|6GB|128GB
85,2021-10-02,Samsung,Samsung Galaxy M32 5G,Sky Blue,6GB,128GB,4.1,16999.0,No,Samsung Galaxy M32 5G|Sky Blue|6GB|128GB
86,2021-10-02,Samsung,Samsung Galaxy M32 5G,Slate Black,6GB,128GB,4.1,16999.0,No,Samsung Galaxy M32 5G|Slate Black|6GB|128GB
87,2021-10-02,Samsung,Samsung Galaxy M52 5G,Blazing Black,6GB,128GB,4.2,26999.0,No,Samsung Galaxy M52 5G|Blazing Black|6GB|128GB
88,2021-10-02,Samsung,Samsung Galaxy M52 5G,ICY Blue,6GB,128GB,4.4,26999.0,No,Samsung Galaxy M52 5G|ICY Blue|6GB|128GB
89,2021-10-02,Samsung,Samsung Galaxy S20 FE 5G,Cloud Green,8GB,128GB,4.4,36990.0,No,Samsung Galaxy S20 FE 5G|Cloud Green|8GB|128GB
90,2021-10-02,Samsung,Samsung Galaxy S20 FE 5G,Cloud Navy,8GB,128GB,4.4,36990.0,No,Samsung Galaxy S20 FE 5G|Cloud Navy|8GB|128GB
91,2021-10-02,Vivo,Vivo U20,Blazing Blue,4GB,64GB,4.3,15000.0,No,Vivo U20|Blazing Blue|4GB|64GB
92,2021-10-02,Vivo,Vivo U20,Blazing Blue,6GB,64GB,4.3,21000.0,No,Vivo U20|Blazing Blue|6GB|64GB
93,2021-10-02,Vivo,Vivo U20,Racing Black,4GB,64GB,4.3,15000.0,No,Vivo U20|Racing Black|4GB|64GB
94,2021-10-02,Vivo,Vivo U20,Racing Black,6GB,64GB,4.3,15000.0,No,Vivo U20|Racing Black|6GB|64GB
95,2021-10-02,Vivo,Vivo V15 Pro,Ruby Red,6GB,128GB,4.3,28000.0,No,Vivo V15 Pro|Ruby Red|6GB|128GB
96,2021-10-02,Vivo,Vivo V15 Pro,Topaz Blue,6GB,128GB,4.3,16999.0,No,Vivo V15 Pro|Topaz Blue|6GB|128GB
97,2021-10-02,Vivo,Vivo V15 Pro,Topaz Blue,8GB,128GB,4.3,25000.0,No,Vivo V15 Pro|Topaz Blue|8GB|128GB
98,2021-10-02,Vivo,Vivo X60,Midnight Black,12GB,256GB,4.3,39990.0,No,Vivo X60|Midnight Black|12GB|256GB
99,2021-10-02,Vivo,Vivo X60,Shimmer Blue,12GB,256GB,4.0,39990.0,No,Vivo X60|Shimmer Blue|12GB|256GB
100,2021-10-02,Vivo,Vivo X60 Pro,Midnight Black,12GB,256GB,4.4,49990.0,No,Vivo X60 Pro|Midnight Black|12GB|256GB
101,2021-10-02,Vivo,Vivo X60 Pro,Shimmer Blue,12GB,256GB,4.4,48990.0,No,Vivo X60 Pro|Shimmer Blue|12GB|256GB
102,2021-10-02,Vivo,Vivo Y12s,Glacier Blue,"3GB,",32GB,4.2,10990.0,No,"Vivo Y12s|Glacier Blue|3GB,|32GB"
103,2021-10-02,Vivo,Vivo Y12s,Phantom Black,"3GB,",32GB,4.2,10990.0,No,"Vivo Y12s|Phantom Black|3GB,|32GB"
104,2021-10-02,Vivo,Vivo Y1s,Aurora Blue,3GB,32GB,4.1,9490.0,No,Vivo Y1s|Aurora Blue|3GB|32GB
105,2021-10-02,Vivo,Vivo Y1s,Olive Black,3GB,32GB,4.1,9490.0,No,Vivo Y1s|Olive Black|3GB|32GB
0,2021-10-05,iQOO,iQOO 7 5G,Solid Ice Blue,12GB,256GB,4.5,33990.0,No,iQOO 7 5G|Solid Ice Blue|12GB|256GB
1,2021-10-05,iQOO,iQOO 7 5G,Solid Ice Blue,8GB,128GB,4.5,29990.0,No,iQOO 7 5G|Solid Ice Blue|8GB|128GB
2,2021-10-05,iQOO,iQOO 7 5G,Solid Ice Blue,8GB,256GB,4.5,31990.0,No,iQOO 7 5G|Solid Ice Blue|8GB|256GB
3,2021-10-05,iQOO,iQOO 7 5G,Storm Black,12GB,256GB,4.5,33990.0,No,iQOO 7 5G|Storm Black|12GB|256GB
4,2021-10-05,iQOO,iQOO 7 5G,Storm Black,8GB,128GB,4.5,29990.0,No,iQOO 7 5G|Storm Black|8GB|128GB
5,2021-10-05,iQOO,iQOO 7 5G,Storm Black,8GB,256GB,4.5,31990.0,No,iQOO 7 5G|Storm Black|8GB|256GB
6,2021-10-05,iQOO,iQOO 7 Legend 5G,Legendary Track Design,8GB,128GB,4.4,39990.0,No,iQOO 7 Legend 5G|Legendary Track Design|8GB|128GB
7,2021-10-05,iQOO,iQOO Z3 5G,Ace Black,8GB,128GB,4.3,18990.0,No,iQOO Z3 5G|Ace Black|8GB|128GB
8,2021-10-05,iQOO,iQOO Z5 5G,Arctic Dawn,12GB,256GB,4.1,26990.0,No,iQOO Z5 5G|Arctic Dawn|12GB|256GB
9,2021-10-05,iQOO,iQOO Z5 5G,Mystic Space,8GB,128GB,4.2,23990.0,No,iQOO Z5 5G|Mystic Space|8GB|128GB
10,2021-10-05,Mi,Mi 11X 5G,Celestial Silver,6GB,128GB,4.0,26999.0,No,Mi 11X 5G|Celestial Silver|6GB|128GB
11,2021-10-05,Mi,Mi 11X 5G,Celestial Silver,8GB,128GB,4.0,28999.0,No,Mi 11X 5G|Celestial Silver|8GB|128GB
12,2021-10-05,Mi,Mi 11X 5G,Celestial Silver,8GB,128GB,4.3,28999.0,No,Mi 11X 5G|Celestial Silver|8GB|128GB
13,2021-10-05,Mi,Mi 11X 5G,Cosmic Black,6GB,128GB,4.0,26999.0,No,Mi 11X 5G|Cosmic Black|6GB|128GB
14,2021-10-05,Mi,Mi 11X 5G,Cosmic Black,8GB,128GB,4.0,28999.0,No,Mi 11X 5G|Cosmic Black|8GB|128GB
15,2021-10-05,Mi,Mi 11X 5G,Cosmic Black,8GB,128GB,4.1,28999.0,No,Mi 11X 5G|Cosmic Black|8GB|128GB
16,2021-10-05,Mi,Mi 11X 5G,Lunar White,6GB,128GB,4.0,26999.0,No,Mi 11X 5G|Lunar White|6GB|128GB
17,2021-10-05,Mi,Mi 11X 5G,Lunar White,8GB,128GB,4.0,28999.0,No,Mi 11X 5G|Lunar White|8GB|128GB
18,2021-10-05,Mi,Mi 11X Pro 5G,Celestial Silver,8GB,128GB,3.9,36999.0,No,Mi 11X Pro 5G|Celestial Silver|8GB|128GB
19,2021-10-05,Mi,Mi 11X Pro 5G,Cosmic Black,8GB,128GB,3.9,36999.0,No,Mi 11X Pro 5G|Cosmic Black|8GB|128GB
20,2021-10-05,Mi,Mi 11X Pro 5G,Cosmic Black,8GB,256GB,3.9,38999.0,No,Mi 11X Pro 5G|Cosmic Black|8GB|256GB
21,2021-10-05,Mi,Mi 11X Pro 5G,Lunar White,8GB,128GB,3.9,36999.0,No,Mi 11X Pro 5G|Lunar White|8GB|128GB
22,2021-10-05,OnePlus,OnePlus 8T 5G,Lunar Silver,8GB,128GB,4.4,38999.0,No,OnePlus 8T 5G|Lunar Silver|8GB|128GB
23,2021-10-05,OnePlus,OnePlus 9 5G,Arctic Sky,12GB,256GB,4.2,51999.0,No,OnePlus 9 5G|Arctic Sky|12GB|256GB
24,2021-10-05,OnePlus,OnePlus 9 5G,Arctic Sky,8GB,128GB,4.0,46999.0,No,OnePlus 9 5G|Arctic Sky|8GB|128GB
25,2021-10-05,OnePlus,OnePlus 9 5G,Arctic Sky,8GB,128GB,4.2,46999.0,No,OnePlus 9 5G|Arctic Sky|8GB|128GB
26,2021-10-05,OnePlus,OnePlus 9 5G,Astral Black,8GB,128GB,4.2,46999.0,No,OnePlus 9 5G|Astral Black|8GB|128GB
27,2021-10-05,OnePlus,OnePlus 9 Pro 5G,Morning Mist,12GB,256GB,4.3,65999.0,No,OnePlus 9 Pro 5G|Morning Mist|12GB|256GB
28,2021-10-05,OnePlus,OnePlus 9 Pro 5G,Morning Mist,8GB,128GB,4.3,60999.0,No,OnePlus 9 Pro 5G|Morning Mist|8GB|128GB
29,2021-10-05,OnePlus,OnePlus 9 Pro 5G,Pine Green,12GB,256GB,4.3,65999.0,No,OnePlus 9 Pro 5G|Pine Green|12GB|256GB
30,2021-10-05,OnePlus,OnePlus 9 Pro 5G,Pine Green,8GB,128GB,4.3,60999.0,No,OnePlus 9 Pro 5G|Pine Green|8GB|128GB
31,2021-10-05,OnePlus,OnePlus 9 Pro 5G,Stellar Black,12GB,256GB,4.3,65999.0,No,OnePlus 9 Pro 5G|Stellar Black|12GB|256GB
32,2021-10-05,OnePlus,OnePlus 9 Pro 5G,Stellar Black,8GB,128GB,4.3,60999.0,No,OnePlus 9 Pro 5G|Stellar Black|8GB|128GB
33,2021-10-05,OnePlus,OnePlus 9R 5G,Carbon Black,8GB,128GB,4.4,36999.0,No,OnePlus 9R 5G|Carbon Black|8GB|128GB
34,2021-10-05,OnePlus,OnePlus 9R 5G,Lake Blue,12GB,256GB,3.6,40999.0,No,OnePlus 9R 5G|Lake Blue|12GB|256GB
35,2021-10-05,OnePlus,OnePlus 9R 5G,Lake Blue,12GB,256GB,4.4,40999.0,No,OnePlus 9R 5G|Lake Blue|12GB|256GB
36,2021-10-05,OnePlus,OnePlus 9R 5G,Lake Blue,8GB,128GB,4.4,36999.0,No,OnePlus 9R 5G|Lake Blue|8GB|128GB
37,2021-10-05,OnePlus,OnePlus Nord 2 5G,Blue Haze,8GB,128GB,4.3,29999.0,No,OnePlus Nord 2 5G|Blue Haze|8GB|128GB
38,2021-10-05,OPPO,OPPO A11K,Flowing Silver,2GB,32GB,4.1,8990.0,No,OPPO A11K|Flowing Silver|2GB|32GB
39,2021-10-05,OPPO,OPPO A15s,Dynamic Black,4GB,64GB,4.1,12990.0,No,OPPO A15s|Dynamic Black|4GB|64GB
40,2021-10-05,OPPO,OPPO A31,Fantasy White,6GB,128GB,4.2,11490.0,No,OPPO A31|Fantasy White|6GB|128GB
41,2021-10-05,OPPO,OPPO A31,Mystery Black,6GB,128GB,4.2,11490.0,No,OPPO A31|Mystery Black|6GB|128GB
42,2021-10-05,OPPO,OPPO A74 5G,Fluid Black,6GB,128GB,4.2,15990.0,No,OPPO A74 5G|Fluid Black|6GB|128GB
43,2021-10-05,OPPO,Oppo F19,Space Silver,6GB,128GB,4.1,19990.0,No,Oppo F19|Space Silver|6GB|128GB
44,2021-10-05,realme,realme narzo 30,Racing Sliver,4GB,64GB,4.1,14490.0,No,realme narzo 30|Racing Sliver|4GB|64GB
45,2021-10-05,realme,realme narzo 50A,Oxygen Blue,4GB,128GB,4.2,12499.0,No,realme narzo 50A|Oxygen Blue|4GB|128GB
46,2021-10-05,realme,realme narzo 50A,Oxygen Blue,4GB,64GB,4.2,11499.0,No,realme narzo 50A|Oxygen Blue|4GB|64GB
47,2021-10-05,realme,realme narzo 50A,Oxygen Green,4GB,128GB,4.2,12499.0,No,realme narzo 50A|Oxygen Green|4GB|128GB
48,2021-10-05,realme,realme narzo 50A,Oxygen Green,4GB,64GB,4.3,11499.0,No,realme narzo 50A|Oxygen Green|4GB|64GB
49,2021-10-05,realme,realme narzo 50i,Carbon Black,2GB,32GB,4.0,7499.0,No,realme narzo 50i|Carbon Black|2GB|32GB
50,2021-10-05,realme,realme narzo 50i,Carbon Black,2GB,32GB,4.2,7499.0,No,realme narzo 50i|Carbon Black|2GB|32GB
51,2021-10-05,realme,realme narzo 50i,Carbon Black,4GB,64GB,4.2,8999.0,No,realme narzo 50i|Carbon Black|4GB|64GB
52,2021-10-05,realme,realme narzo 50i,Mint Green,2GB,32GB,4.1,7499.0,No,realme narzo 50i|Mint Green|2GB|32GB
53,2021-10-05,realme,realme narzo 50i,Mint Green,4GB,64GB,4.1,8999.0,No,realme narzo 50i|Mint Green|4GB|64GB
54,2021-10-05,Redmi,Redmi 10,Prime Phantom Black,6GB,128GB,4.1,14499.0,No,Redmi 10|Prime Phantom Black|6GB|128GB
55,2021-10-05,Redmi,Redmi 10 Prime,Astral White,4GB,64GB,4.2,11999.0,No,Redmi 10 Prime|Astral White|4GB|64GB
56,2021-10-05,Redmi,Redmi 10 Prime,Bifrost Blue,4GB,64GB,4.2,11999.0,No,Redmi 10 Prime|Bifrost Blue|4GB|64GB
57,2021-10-05,Redmi,Redmi 10 Prime,Bifrost Blue,6GB,128GB,4.4,14499.0,No,Redmi 10 Prime|Bifrost Blue|6GB|128GB
58,2021-10-05,Redmi,Redmi 10 Prime,Phantom Black,4GB,64GB,3.6,11999.0,No,Redmi 10 Prime|Phantom Black|4GB|64GB
59,2021-10-05,Redmi,Redmi 9,Carbon Black,4GB,64GB,4.3,8499.0,No,Redmi 9|Carbon Black|4GB|64GB
60,2021-10-05,Redmi,Redmi 9,Sky Blue,4GB,64GB,4.3,8499.0,No,Redmi 9|Sky Blue|4GB|64GB
61,2021-10-05,Redmi,Redmi 9 Power,Blazing Blue,4GB,64GB,4.2,10499.0,No,Redmi 9 Power|Blazing Blue|4GB|64GB
62,2021-10-05,Redmi,Redmi 9 Power,Fiery Red,4GB,64GB,4.4,10499.0,No,Redmi 9 Power|Fiery Red|4GB|64GB
63,2021-10-05,Redmi,Redmi 9 Power,Mighty Black,4GB,64GB,4.2,10499.0,No,Redmi 9 Power|Mighty Black|4GB|64GB
64,2021-10-05,Redmi,Redmi 9 Prime,Matte Black,4GB,64GB,4.2,9999.0,No,Redmi 9 Prime|Matte Black|4GB|64GB
65,2021-10-05,Redmi,Redmi 9 Prime,Matte Black,4GB,64GB,4.3,9999.0,No,Redmi 9 Prime|Matte Black|4GB|64GB
66,2021-10-05,Redmi,Redmi 9 Prime,Mint Green,4GB,64GB,4.2,9999.0,No,Redmi 9 Prime|Mint Green|4GB|64GB
67,2021-10-05,Redmi,Redmi 9 Prime,Space Blue,4GB,64GB,4.2,9999.0,No,Redmi 9 Prime|Space Blue|4GB|64GB
68,2021-10-05,Redmi,Redmi 9 Prime,Sunrise Flare,4GB,64GB,3.6,9999.0,No,Redmi 9 Prime|Sunrise Flare|4GB|64GB
69,2021-10-05,Redmi,Redmi 9 Prime,Sunrise Flare,4GB,64GB,4.2,9999.0,No,Redmi 9 Prime|Sunrise Flare|4GB|64GB
70,2021-10-05,Redmi,Redmi 9A,Nature Green,2GB,32GB,4.2,6799.0,No,Redmi 9A|Nature Green|2GB|32GB
71,2021-10-05,Redmi,Redmi 9A,Sea Blue,2GB,32GB,4.2,6799.0,No,Redmi 9A|Sea Blue|2GB|32GB
72,2021-10-05,Redmi,Redmi Note 10 Pro,Dark Night,6GB,128GB,4.2,16999.0,No,Redmi Note 10 Pro|Dark Night|6GB|128GB
73,2021-10-05,Redmi,Redmi Note 10 Pro,Vintage Bronze,6GB,128GB,4.2,16999.0,No,Redmi Note 10 Pro|Vintage Bronze|6GB|128GB
74,2021-10-05,Redmi,Redmi Note 10 Pro Max,Dark Night,6GB,128GB,4.1,18999.0,No,Redmi Note 10 Pro Max|Dark Night|6GB|128GB
75,2021-10-05,Redmi,Redmi Note 10 Pro Max,Vintage Bronze,6GB,128GB,4.1,18999.0,No,Redmi Note 10 Pro Max|Vintage Bronze|6GB|128GB
76,2021-10-05,Redmi,Redmi Note 10S,Deep Sea Blue,6GB,128GB,4.1,15999.0,No,Redmi Note 10S|Deep Sea Blue|6GB|128GB
77,2021-10-05,Redmi,Redmi Note 10S,Deep Sea Blue,6GB,128GB,4.2,15999.0,No,Redmi Note 10S|Deep Sea Blue|6GB|128GB
78,2021-10-05,Redmi,Redmi Note 10S,Deep Sea Blue,6GB,64GB,4.1,12999.0,No,Redmi Note 10S|Deep Sea Blue|6GB|64GB
79,2021-10-05,Redmi,Redmi Note 10S,Frost White,6GB,128GB,4.1,15999.0,No,Redmi Note 10S|Frost White|6GB|128GB
80,2021-10-05,Redmi,Redmi Note 10S,Frost White,6GB,64GB,4.1,12999.0,No,Redmi Note 10S|Frost White|6GB|64GB
81,2021-10-05,Redmi,Redmi Note 10S,Shadow Black,6GB,128GB,4.1,15999.0,No,Redmi Note 10S|Shadow Black|6GB|128GB
82,2021-10-05,Redmi,Redmi Note 10S,Shadow Black,6GB,128GB,4.2,15999.0,No,Redmi Note 10S|Shadow Black|6GB|128GB
83,2021-10-05,Redmi,Redmi Note 10S,Shadow Black,6GB,64GB,4.1,12999.0,No,Redmi Note 10S|Shadow Black|6GB|64GB
84,2021-10-05,Redmi,Redmi Note 10T 5G,Graphite Black,4GB,64GB,4.1,14999.0,No,Redmi Note 10T 5G|Graphite Black|4GB|64GB
85,2021-10-05,Redmi,Redmi Note 10T 5G,Graphite Black,6GB,128GB,4.1,16999.0,No,Redmi Note 10T 5G|Graphite Black|6GB|128GB
86,2021-10-05,Redmi,Redmi Note 10T 5G,Metallic Blue,4GB,64GB,4.1,14999.0,No,Redmi Note 10T 5G|Metallic Blue|4GB|64GB
87,2021-10-05,Redmi,Redmi Note 10T 5G,Metallic Blue,6GB,128GB,4.1,16999.0,No,Redmi Note 10T 5G|Metallic Blue|6GB|128GB
88,2021-10-05,Redmi,Redmi Note 10T 5G,Mint Green,4GB,64GB,4.1,14999.0,No,Redmi Note 10T 5G|Mint Green|4GB|64GB
89,2021-10-05,Redmi,Redmi Note 10T 5G,Mint Green,6GB,128GB,4.1,16999.0,No,Redmi Note 10T 5G|Mint Green|6GB|128GB
90,2021-10-05,Samsung,Samsung Galaxy A72,Black,8GB,128GB,4.3,34999.0,No,Samsung Galaxy A72|Black|8GB|128GB
91,2021-10-05,Samsung,Samsung Galaxy M12,Black,4GB,64GB,4.1,9499.0,No,Samsung Galaxy M12|Black|4GB|64GB
92,2021-10-05,Samsung,Samsung Galaxy M12,Black,4GB,64GB,4.3,9499.0,No,Samsung Galaxy M12|Black|4GB|64GB
93,2021-10-05,Samsung,Samsung Galaxy M12,Black,6GB,128GB,4.1,11499.0,No,Samsung Galaxy M12|Black|6GB|128GB
94,2021-10-05,Samsung,Samsung Galaxy M12,Blue,4GB,64GB,4.1,9499.0,No,Samsung Galaxy M12|Blue|4GB|64GB
95,2021-10-05,Samsung,Samsung Galaxy M12,Blue,6GB,128GB,4.1,11499.0,No,Samsung Galaxy M12|Blue|6GB|128GB
96,2021-10-05,Samsung,Samsung Galaxy M12,White,4GB,64GB,4.1,9499.0,No,Samsung Galaxy M12|White|4GB|64GB
97,2021-10-05,Samsung,Samsung Galaxy M12,White,4GB,64GB,4.3,9499.0,No,Samsung Galaxy M12|White|4GB|64GB
98,2021-10-05,Samsung,Samsung Galaxy M12,White,6GB,128GB,4.1,11499.0,No,Samsung Galaxy M12|White|6GB|128GB
99,2021-10-05,Samsung,Samsung Galaxy M21 2021 Edition,Arctic Blue,4GB,64GB,4.1,12499.0,No,Samsung Galaxy M21 2021 Edition|Arctic Blue|4GB|64GB
100,2021-10-05,Samsung,Samsung Galaxy M21 2021 Edition,Arctic Blue,6GB,128GB,4.0,14499.0,No,Samsung Galaxy M21 2021 Edition|Arctic Blue|6GB|128GB
101,2021-10-05,Samsung,Samsung Galaxy M21 2021 Edition,Charcoal Black,4GB,64GB,4.1,12499.0,No,Samsung Galaxy M21 2021 Edition|Charcoal Black|4GB|64GB
102,2021-10-05,Samsung,Samsung Galaxy M31,Space Black,8GB,128GB,4.1,16999.0,No,Samsung Galaxy M31|Space Black|8GB|128GB
103,2021-10-05,Samsung,Samsung Galaxy M32,Black,4GB,64GB,4.1,12499.0,No,Samsung Galaxy M32|Black|4GB|64GB
104,2021-10-05,Samsung,Samsung Galaxy M32,Black,4GB,64GB,4.2,12499.0,No,Samsung Galaxy M32|Black|4GB|64GB
105,2021-10-05,Samsung,Samsung Galaxy M32,Black,6GB,128GB,4.2,14499.0,No,Samsung Galaxy M32|Black|6GB|128GB
106,2021-10-05,Samsung,Samsung Galaxy M32,Light Blue,4GB,64GB,4.2,12499.0,No,Samsung Galaxy M32|Light Blue|4GB|64GB
107,2021-10-05,Samsung,Samsung Galaxy M32,Light Blue,6GB,128GB,4.2,14499.0,No,Samsung Galaxy M32|Light Blue|6GB|128GB
108,2021-10-05,Samsung,Samsung Galaxy M32 5G,Sky Blue,6GB,128GB,4.0,16999.0,No,Samsung Galaxy M32 5G|Sky Blue|6GB|128GB
109,2021-10-05,Samsung,Samsung Galaxy M32 5G,Slate Black,8GB,128GB,4.0,18999.0,No,Samsung Galaxy M32 5G|Slate Black|8GB|128GB
110,2021-10-05,Samsung,Samsung Galaxy M51,Celestial Black,6GB,128GB,4.2,19999.0,No,Samsung Galaxy M51|Celestial Black|6GB|128GB
111,2021-10-05,Samsung,Samsung Galaxy M51,Electric Blue,6GB,128GB,4.4,19999.0,No,Samsung Galaxy M51|Electric Blue|6GB|128GB
112,2021-10-05,Samsung,Samsung Galaxy M52 5G,Blazing Black,8GB,128GB,4.5,27999.0,No,Samsung Galaxy M52 5G|Blazing Black|8GB|128GB
113,2021-10-05,Samsung,Samsung Galaxy M52 5G,Blazing Black,8GB,128GB,4.6,27999.0,No,Samsung Galaxy M52 5G|Blazing Black|8GB|128GB
114,2021-10-05,Samsung,Samsung Galaxy M52 5G,ICY Blue,8GB,128GB,4.0,27999.0,No,Samsung Galaxy M52 5G|ICY Blue|8GB|128GB
115,2021-10-05,Samsung,Samsung Galaxy M52 5G,ICY Blue,8GB,128GB,4.5,27999.0,No,Samsung Galaxy M52 5G|ICY Blue|8GB|128GB
116,2021-10-05,Samsung,Samsung Galaxy S20 FE 5G,Cloud Navy,8GB,128GB,4.4,36990.0,Yes,Samsung Galaxy S20 FE 5G|Cloud Navy|8GB|128GB
117,2021-10-05,Vivo,Vivo V20 Pro,Midnight Jazz,8GB,128GB,4.3,29990.0,No,Vivo V20 Pro|Midnight Jazz|8GB|128GB
118,2021-10-05,Vivo,Vivo V21 5G,Arctic White,8GB,128GB,4.1,29990.0,No,Vivo V21 5G|Arctic White|8GB|128GB
119,2021-10-05,Vivo,Vivo V21 5G,Dusk Blue,8GB,128GB,4.3,29990.0,No,Vivo V21 5G|Dusk Blue|8GB|128GB
120,2021-10-05,Vivo,Vivo V21 5G,Dusk Blue,8GB,256GB,4.1,32990.0,No,Vivo V21 5G|Dusk Blue|8GB|256GB
121,2021-10-05,Vivo,Vivo V21 5G,Sunset Dazzle,8GB,128GB,4.1,29990.0,No,Vivo V21 5G|Sunset Dazzle|8GB|128GB
122,2021-10-05,Vivo,Vivo V21 5G,Sunset Dazzle,8GB,256GB,4.3,32990.0,No,Vivo V21 5G|Sunset Dazzle|8GB|256GB
123,2021-10-05,Vivo,Vivo X60,Midnight Black,8GB,128GB,4.3,37990.0,No,Vivo X60|Midnight Black|8GB|128GB
124,2021-10-05,Vivo,Vivo X60,Shimmer Blue,12GB,256GB,4.3,41990.0,No,Vivo X60|Shimmer Blue|12GB|256GB
125,2021-10-05,Vivo,Vivo X60 Pro,Midnight Black,12GB,256GB,4.4,49990.0,No,Vivo X60 Pro|Midnight Black|12GB|256GB
126,2021-10-05,Vivo,Vivo X60 Pro,Shimmer Blue,12GB,256GB,4.4,49990.0,No,Vivo X60 Pro|Shimmer Blue|12GB|256GB
127,2021-10-05,Vivo,Vivo Y12s,Phantom Black,3GB,32GB,4.2,10990.0,No,Vivo Y12s|Phantom Black|3GB|32GB
128,2021-10-05,Vivo,Vivo Y1s,Aurora Blue,3GB,32GB,4.1,9490.0,No,Vivo Y1s|Aurora Blue|3GB|32GB
129,2021-10-05,Vivo,Vivo Y1s,Olive Black,3GB,32GB,4.1,9490.0,No,Vivo Y1s|Olive Black|3GB|32GB
130,2021-10-05,Vivo,Vivo Y1s,Olive Black,3GB,32GB,4.2,9490.0,No,Vivo Y1s|Olive Black|3GB|32GB
131,2021-10-05,Vivo,Vivo Y20A,Dawn White,3GB,64GB,3.6,11990.0,No,Vivo Y20A|Dawn White|3GB|64GB
132,2021-10-05,Vivo,Vivo Y20A 2021,Nebula Blue,3GB,64GB,3.6,11990.0,No,Vivo Y20A 2021|Nebula Blue|3GB|64GB
133,2021-10-05,Vivo,Vivo Y20G,Obsidiant Black,6GB,128GB,4.1,15990.0,No,Vivo Y20G|Obsidiant Black|6GB|128GB
134,2021-10-05,Vivo,Vivo Y20G,Purist Blue,6GB,128GB,4.1,15990.0,No,Vivo Y20G|Purist Blue|6GB|128GB
135,2021-10-05,Vivo,Vivo Y21,Diamond Glow,4GB,128GB,4.1,15490.0,No,Vivo Y21|Diamond Glow|4GB|128GB
136,2021-10-05,Vivo,Vivo Y21,Diamond Glow,4GB,64GB,4.1,13990.0,No,Vivo Y21|Diamond Glow|4GB|64GB
137,2021-10-05,Vivo,Vivo Y21,Midnight Blue,4GB,128GB,4.1,15490.0,No,Vivo Y21|Midnight Blue|4GB|128GB
138,2021-10-05,Vivo,Vivo Y21,Midnight Blue,4GB,64GB,4.1,13990.0,No,Vivo Y21|Midnight Blue|4GB|64GB
139,2021-10-05,Xiaomi,Xiaomi 11 Lite NE 5G,Diamond Dazzle,6GB,128GB,4.1,26999.0,No,Xiaomi 11 Lite NE 5G|Diamond Dazzle|6GB|128GB
140,2021-10-05,Xiaomi,Xiaomi 11 Lite NE 5G,Diamond Dazzle,8GB,128GB,4.1,28999.0,No,Xiaomi 11 Lite NE 5G|Diamond Dazzle|8GB|128GB
141,2021-10-05,Xiaomi,Xiaomi 11 Lite NE 5G,Jazz Blue,8GB,128GB,4.1,28999.0,No,Xiaomi 11 Lite NE 5G|Jazz Blue|8GB|128GB
142,2021-10-05,Xiaomi,Xiaomi 11 Lite NE 5G,Tuscany Coral,6GB,128GB,4.1,26999.0,No,Xiaomi 11 Lite NE 5G|Tuscany Coral|6GB|128GB
0,2021-10-06,iQOO,iQOO 7 5G,Solid Ice Blue,12GB,256GB,4.5,33990.0,No,iQOO 7 5G|Solid Ice Blue|12GB|256GB
1,2021-10-06,iQOO,iQOO 7 5G,Storm Black,12GB,256GB,4.5,33990.0,No,iQOO 7 5G|Storm Black|12GB|256GB
2,2021-10-06,iQOO,iQOO 7 Legend 5G,Legendary Track Design,8GB,128GB,4.4,39990.0,No,iQOO 7 Legend 5G|Legendary Track Design|8GB|128GB
3,2021-10-06,iQOO,iQOO Z3 5G,Ace Black,8GB,256GB,4.3,20990.0,No,iQOO Z3 5G|Ace Black|8GB|256GB
4,2021-10-06,iQOO,iQOO Z3 5G,Cyber Blue,8GB,256GB,4.3,20990.0,No,iQOO Z3 5G|Cyber Blue|8GB|256GB
5,2021-10-06,iQOO,iQOO Z5 5G,Arctic Dawn,12GB,256GB,0.0,26990.0,No,iQOO Z5 5G|Arctic Dawn|12GB|256GB
6,2021-10-06,iQOO,iQOO Z5 5G,Arctic Dawn,8GB,128GB,0.0,23990.0,No,iQOO Z5 5G|Arctic Dawn|8GB|128GB
7,2021-10-06,iQOO,iQOO Z5 5G,Mystic Space,8GB,128GB,0.0,23990.0,No,iQOO Z5 5G|Mystic Space|8GB|128GB
8,2021-10-06,Mi,Mi 10i 5G,Atlantic Blue,6GB,128GB,4.2,21999.0,No,Mi 10i 5G|Atlantic Blue|6GB|128GB
9,2021-10-06,Mi,Mi 10i 5G,Midnight Black,6GB,128GB,4.2,21999.0,No,Mi 10i 5G|Midnight Black|6GB|128GB
10,2021-10-06,Mi,Mi 11X 5G,Celestial Silver,6GB,128GB,4.0,26999.0,No,Mi 11X 5G|Celestial Silver|6GB|128GB
11,2021-10-06,Mi,Mi 11X 5G,Celestial Silver,8GB,128GB,4.0,28999.0,No,Mi 11X 5G|Celestial Silver|8GB|128GB
12,2021-10-06,Mi,Mi 11X 5G,Cosmic Black,6GB,128GB,4.0,26999.0,Yes,Mi 11X 5G|Cosmic Black|6GB|128GB
13,2021-10-06,Mi,Mi 11X 5G,Cosmic Black,8GB,128GB,4.0,28999.0,No,Mi 11X 5G|Cosmic Black|8GB|128GB
14,2021-10-06,Mi,Mi 11X 5G,Lunar White,6GB,128GB,4.0,26999.0,No,Mi 11X 5G|Lunar White|6GB|128GB
15,2021-10-06,Mi,Mi 11X 5G,Lunar White,8GB,128GB,4.0,28999.0,Yes,Mi 11X 5G|Lunar White|8GB|128GB
16,2021-10-06,Mi,Mi 11X Pro 5G,Celestial Silver,8GB,128GB,3.9,36999.0,No,Mi 11X Pro 5G|Celestial Silver|8GB|128GB
17,2021-10-06,Mi,Mi 11X Pro 5G,Cosmic Black,8GB,128GB,3.9,36999.0,No,Mi 11X Pro 5G|Cosmic Black|8GB|128GB
18,2021-10-06,Mi,Mi 11X Pro 5G,Cosmic Black,8GB,256GB,3.9,38999.0,No,Mi 11X Pro 5G|Cosmic Black|8GB|256GB
19,2021-10-06,Mi,Mi 11X Pro 5G,Lunar White,8GB,128GB,3.9,36999.0,Yes,Mi 11X Pro 5G|Lunar White|8GB|128GB
20,2021-10-06,OnePlus,OnePlus 8T 5G,Lunar Silver,8GB,128GB,4.4,38999.0,No,OnePlus 8T 5G|Lunar Silver|8GB|128GB
21,2021-10-06,OnePlus,OnePlus 9 5G,Arctic Sky,12GB,256GB,4.2,51999.0,No,OnePlus 9 5G|Arctic Sky|12GB|256GB
22,2021-10-06,OnePlus,OnePlus 9 5G,Arctic Sky,8GB,128GB,4.2,46999.0,No,OnePlus 9 5G|Arctic Sky|8GB|128GB
23,2021-10-06,OnePlus,OnePlus 9 5G,Astral Black,8GB,128GB,4.2,46999.0,Yes,OnePlus 9 5G|Astral Black|8GB|128GB
24,2021-10-06,OnePlus,OnePlus 9 Pro 5G,Morning Mist,12GB,256GB,4.3,65999.0,No,OnePlus 9 Pro 5G|Morning Mist|12GB|256GB
25,2021-10-06,OnePlus,OnePlus 9 Pro 5G,Morning Mist,8GB,128GB,4.3,60999.0,No,OnePlus 9 Pro 5G|Morning Mist|8GB|128GB
26,2021-10-06,OnePlus,OnePlus 9 Pro 5G,Pine Green,12GB,256GB,4.3,65999.0,No,OnePlus 9 Pro 5G|Pine Green|12GB|256GB
27,2021-10-06,OnePlus,OnePlus 9 Pro 5G,Pine Green,8GB,128GB,4.3,60999.0,No,OnePlus 9 Pro 5G|Pine Green|8GB|128GB
28,2021-10-06,OnePlus,OnePlus 9 Pro 5G,Stellar Black,12GB,256GB,4.3,65999.0,No,OnePlus 9 Pro 5G|Stellar Black|12GB|256GB
29,2021-10-06,OnePlus,OnePlus 9 Pro 5G,Stellar Black,8GB,128GB,4.3,60999.0,No,OnePlus 9 Pro 5G|Stellar Black|8GB|128GB
30,2021-10-06,OnePlus,OnePlus 9R 5G,Carbon Black,8GB,128GB,4.4,36999.0,No,OnePlus 9R 5G|Carbon Black|8GB|128GB
31,2021-10-06,OnePlus,OnePlus 9R 5G,Lake Blue,12GB,256GB,4.4,40999.0,No,OnePlus 9R 5G|Lake Blue|12GB|256GB
32,2021-10-06,OnePlus,OnePlus 9R 5G,Lake Blue,8GB,128GB,4.4,36999.0,No,OnePlus 9R 5G|Lake Blue|8GB|128GB
33,2021-10-06,OnePlus,OnePlus Nord 2 5G,Blue Haze,8GB,128GB,4.3,29999.0,No,OnePlus Nord 2 5G|Blue Haze|8GB|128GB
34,2021-10-06,OnePlus,OnePlus Nord CE 5G,Charcoal Ink,8GB,128GB,4.1,24999.0,No,OnePlus Nord CE 5G|Charcoal Ink|8GB|128GB
35,2021-10-06,OPPO,OPPO A11K,Flowing Silver,2GB,32GB,4.0,8990.0,No,OPPO A11K|Flowing Silver|2GB|32GB
36,2021-10-06,OPPO,OPPO A15s,Dynamic Black,4GB,64GB,4.2,12990.0,No,OPPO A15s|Dynamic Black|4GB|64GB
37,2021-10-06,OPPO,OPPO A15s,Fancy White,4GB,64GB,4.2,12990.0,No,OPPO A15s|Fancy White|4GB|64GB
38,2021-10-06,OPPO,OPPO A15s,Rainbow Silver,4GB,64GB,4.2,12990.0,No,OPPO A15s|Rainbow Silver|4GB|64GB
39,2021-10-06,OPPO,OPPO A16,Crystal Black,4GB,64GB,4.3,13990.0,No,OPPO A16|Crystal Black|4GB|64GB
40,2021-10-06,OPPO,OPPO A16,Pearl Blue,4GB,64GB,4.3,13990.0,No,OPPO A16|Pearl Blue|4GB|64GB
41,2021-10-06,OPPO,OPPO A31,Fantasy White,6GB,128GB,4.2,11490.0,No,OPPO A31|Fantasy White|6GB|128GB
42,2021-10-06,OPPO,OPPO A31,Mystery Black,6GB,128GB,4.2,11490.0,No,OPPO A31|Mystery Black|6GB|128GB
43,2021-10-06,OPPO,Oppo A54,Crystal Black,6GB,128GB,4.2,16490.0,No,Oppo A54|Crystal Black|6GB|128GB
44,2021-10-06,OPPO,Oppo A54,Moonlight Gold,6GB,128GB,4.2,16490.0,Yes,Oppo A54|Moonlight Gold|6GB|128GB
45,2021-10-06,OPPO,Oppo A54,Starry Blue,6GB,128GB,4.2,16490.0,No,Oppo A54|Starry Blue|6GB|128GB
46,2021-10-06,OPPO,OPPO A55,Rainbow Blue,4GB,64GB,0.0,15490.0,Yes,OPPO A55|Rainbow Blue|4GB|64GB
47,2021-10-06,OPPO,OPPO A55,Starry Black,4GB,64GB,0.0,15490.0,No,OPPO A55|Starry Black|4GB|64GB
48,2021-10-06,OPPO,OPPO A74 5G,Fantastic Purple,6GB,128GB,4.2,15990.0,No,OPPO A74 5G|Fantastic Purple|6GB|128GB
49,2021-10-06,OPPO,OPPO A74 5G,Fluid Black,6GB,128GB,4.2,15990.0,No,OPPO A74 5G|Fluid Black|6GB|128GB
50,2021-10-06,OPPO,OPPO F19 Pro,Crystal Silver,8GB,128GB,4.2,21990.0,No,OPPO F19 Pro|Crystal Silver|8GB|128GB
51,2021-10-06,OPPO,OPPO F19 Pro,Crystal Silver,8GB,256GB,4.2,23490.0,No,OPPO F19 Pro|Crystal Silver|8GB|256GB
52,2021-10-06,OPPO,OPPO F19 Pro,Fantastic Purple,8GB,128GB,4.2,21990.0,No,OPPO F19 Pro|Fantastic Purple|8GB|128GB
53,2021-10-06,OPPO,OPPO F19 Pro,Fluid Black,8GB,128GB,4.2,21990.0,No,OPPO F19 Pro|Fluid Black|8GB|128GB
54,2021-10-06,OPPO,OPPO F19 Pro+ 5G,Fluid Black,8GB,128GB,4.2,23490.0,No,OPPO F19 Pro+ 5G|Fluid Black|8GB|128GB
55,2021-10-06,OPPO,OPPO F19 Pro+ 5G,Space Silver,8GB,128GB,4.2,23490.0,No,OPPO F19 Pro+ 5G|Space Silver|8GB|128GB
56,2021-10-06,realme,realme narzo 30,Racing Sliver,4GB,64GB,4.1,12499.0,No,realme narzo 30|Racing Sliver|4GB|64GB
57,2021-10-06,realme,realme narzo 30 5G,Racing Blue,6GB,128GB,4.1,16999.0,No,realme narzo 30 5G|Racing Blue|6GB|128GB
58,2021-10-06,realme,realme narzo 50A,Oxygen Blue,4GB,128GB,0.0,12499.0,No,realme narzo 50A|Oxygen Blue|4GB|128GB
59,2021-10-06,realme,realme narzo 50A,Oxygen Blue,4GB,64GB,0.0,11499.0,No,realme narzo 50A|Oxygen Blue|4GB|64GB
60,2021-10-06,realme,realme narzo 50A,Oxygen Green,4GB,128GB,0.0,12499.0,No,realme narzo 50A|Oxygen Green|4GB|128GB
61,2021-10-06,realme,realme narzo 50A,Oxygen Green,4GB,64GB,0.0,11499.0,No,realme narzo 50A|Oxygen Green|4GB|64GB
62,2021-10-06,Redmi,Redmi 10 Prime,Astral White,4GB,64GB,3.6,11999.0,No,Redmi 10 Prime|Astral White|4GB|64GB
63,2021-10-06,Redmi,Redmi 10 Prime,Bifrost Blue,4GB,64GB,3.6,11999.0,No,Redmi 10 Prime|Bifrost Blue|4GB|64GB
64,2021-10-06,Redmi,Redmi 10 Prime,Phantom Black,4GB,64GB,3.6,11999.0,No,Redmi 10 Prime|Phantom Black|4GB|64GB
65,2021-10-06,Redmi,Redmi 9,Carbon Black,4GB,64GB,4.2,8499.0,No,Redmi 9|Carbon Black|4GB|64GB
66,2021-10-06,Redmi,Redmi 9,Sky Blue,4GB,64GB,4.2,8499.0,No,Redmi 9|Sky Blue|4GB|64GB
67,2021-10-06,Redmi,Redmi 9,Sporty Orange,4GB,64GB,4.2,8499.0,No,Redmi 9|Sporty Orange|4GB|64GB
68,2021-10-06,Redmi,Redmi 9 Power,Blazing Blue,4GB,64GB,4.2,10499.0,No,Redmi 9 Power|Blazing Blue|4GB|64GB
69,2021-10-06,Redmi,Redmi 9 Prime,Matte Black,4GB,64GB,4.3,9999.0,No,Redmi 9 Prime|Matte Black|4GB|64GB
70,2021-10-06,Redmi,Redmi 9A,Nature Green,2GB,32GB,4.2,6799.0,No,Redmi 9A|Nature Green|2GB|32GB
71,2021-10-06,Redmi,Redmi 9A,Sea Blue,2GB,32GB,4.2,6799.0,No,Redmi 9A|Sea Blue|2GB|32GB
72,2021-10-06,Redmi,Redmi Note 10 Lite,Aurora Blue,4GB,128GB,4.2,14999.0,No,Redmi Note 10 Lite|Aurora Blue|4GB|128GB
73,2021-10-06,Redmi,Redmi Note 10 Lite,Aurora Blue,6GB,128GB,4.2,15999.0,No,Redmi Note 10 Lite|Aurora Blue|6GB|128GB
74,2021-10-06,Redmi,Redmi Note 10 Lite,Champagne Gold,4GB,128GB,4.2,14999.0,No,Redmi Note 10 Lite|Champagne Gold|4GB|128GB
75,2021-10-06,Redmi,Redmi Note 10 Lite,Champagne Gold,6GB,128GB,4.2,15999.0,No,Redmi Note 10 Lite|Champagne Gold|6GB|128GB
76,2021-10-06,Redmi,Redmi Note 10 Lite,Crystal Black,6GB,128GB,4.2,15999.0,No,Redmi Note 10 Lite|Crystal Black|6GB|128GB
77,2021-10-06,Redmi,Redmi Note 10 Lite,Glacier White,4GB,128GB,4.2,14999.0,No,Redmi Note 10 Lite|Glacier White|4GB|128GB
78,2021-10-06,Redmi,Redmi Note 10 Pro,Dark Night,6GB,128GB,4.2,16999.0,No,Redmi Note 10 Pro|Dark Night|6GB|128GB
79,2021-10-06,Redmi,Redmi Note 10 Pro,Vintage Bronze,6GB,128GB,4.2,16999.0,No,Redmi Note 10 Pro|Vintage Bronze|6GB|128GB
80,2021-10-06,Redmi,Redmi Note 10S,Deep Sea Blue,6GB,128GB,4.1,15999.0,No,Redmi Note 10S|Deep Sea Blue|6GB|128GB
81,2021-10-06,Redmi,Redmi Note 10S,Deep Sea Blue,6GB,64GB,4.1,12999.0,No,Redmi Note 10S|Deep Sea Blue|6GB|64GB
82,2021-10-06,Redmi,Redmi Note 10S,Frost White,6GB,128GB,4.1,15999.0,No,Redmi Note 10S|Frost White|6GB|128GB
83,2021-10-06,Redmi,Redmi Note 10S,Frost White,6GB,64GB,4.1,12999.0,No,Redmi Note 10S|Frost White|6GB|64GB
84,2021-10-06,Redmi,Redmi Note 10S,Shadow Black,6GB,128GB,4.1,15999.0,No,Redmi Note 10S|Shadow Black|6GB|128GB
85,2021-10-06,Redmi,Redmi Note 10S,Shadow Black,6GB,64GB,4.1,12999.0,No,Redmi Note 10S|Shadow Black|6GB|64GB
86,2021-10-06,Redmi,Redmi Note 10T 5G,Chromium White,4GB,64GB,4.0,14999.0,No,Redmi Note 10T 5G|Chromium White|4GB|64GB
87,2021-10-06,Redmi,Redmi Note 10T 5G,Graphite Black,4GB,64GB,4.1,14999.0,No,Redmi Note 10T 5G|Graphite Black|4GB|64GB
88,2021-10-06,Redmi,Redmi Note 10T 5G,Graphite Black,6GB,128GB,4.1,16999.0,No,Redmi Note 10T 5G|Graphite Black|6GB|128GB
89,2021-10-06,Redmi,Redmi Note 10T 5G,Metallic Blue,4GB,64GB,4.1,14999.0,No,Redmi Note 10T 5G|Metallic Blue|4GB|64GB
90,2021-10-06,Redmi,Redmi Note 10T 5G,Metallic Blue,6GB,128GB,4.1,16999.0,No,Redmi Note 10T 5G|Metallic Blue|6GB|128GB
91,2021-10-06,Redmi,Redmi Note 10T 5G,Mint Green,4GB,64GB,4.1,14999.0,No,Redmi Note 10T 5G|Mint Green|4GB|64GB
92,2021-10-06,Samsung,Samsung Galaxy M12,Black,4GB,64GB,4.1,9499.0,No,Samsung Galaxy M12|Black|4GB|64GB
93,2021-10-06,Samsung,Samsung Galaxy M12,Black,6GB,128GB,4.1,11499.0,No,Samsung Galaxy M12|Black|6GB|128GB
94,2021-10-06,Samsung,Samsung Galaxy M12,Blue,4GB,64GB,4.1,9499.0,No,Samsung Galaxy M12|Blue|4GB|64GB
95,2021-10-06,Samsung,Samsung Galaxy M12,Blue,6GB,128GB,4.1,11499.0,Yes,Samsung Galaxy M12|Blue|6GB|128GB
96,2021-10-06,Samsung,Samsung Galaxy M12,White,4GB,64GB,4.1,9499.0,No,Samsung Galaxy M12|White|4GB|64GB
97,2021-10-06,Samsung,Samsung Galaxy M12,White,6GB,128GB,4.1,11499.0,No,Samsung Galaxy M12|White|6GB|128GB
98,2021-10-06,Samsung,Samsung Galaxy M21 2021 Edition,Arctic Blue,4GB,64GB,4.2,12499.0,No,Samsung Galaxy M21 2021 Edition|Arctic Blue|4GB|64GB
99,2021-10-06,Samsung,Samsung Galaxy M21 2021 Edition,Arctic Blue,6GB,128GB,4.2,14499.0,No,Samsung Galaxy M21 2021 Edition|Arctic Blue|6GB|128GB
100,2021-10-06,Samsung,Samsung Galaxy M21 2021 Edition,Charcoal Black,4GB,64GB,4.2,12499.0,No,Samsung Galaxy M21 2021 Edition|Charcoal Black|4GB|64GB
101,2021-10-06,Samsung,Samsung Galaxy M21 2021 Edition,Charcoal Black,6GB,128GB,4.2,14499.0,No,Samsung Galaxy M21 2021 Edition|Charcoal Black|6GB|128GB
102,2021-10-06,Samsung,Samsung Galaxy M32,Black,4GB,64GB,4.2,12499.0,No,Samsung Galaxy M32|Black|4GB|64GB
103,2021-10-06,Samsung,Samsung Galaxy M32,Black,6GB,128GB,4.2,14499.0,No,Samsung Galaxy M32|Black|6GB|128GB
104,2021-10-06,Samsung,Samsung Galaxy M32,Light Blue,4GB,64GB,4.2,12499.0,No,Samsung Galaxy M32|Light Blue|4GB|64GB
105,2021-10-06,Samsung,Samsung Galaxy M32,Light Blue,6GB,128GB,4.2,14499.0,No,Samsung Galaxy M32|Light Blue|6GB|128GB
106,2021-10-06,Samsung,Samsung Galaxy M32 5G,Sky Blue,6GB,128GB,4.0,16999.0,No,Samsung Galaxy M32 5G|Sky Blue|6GB|128GB
107,2021-10-06,Samsung,Samsung Galaxy M32 5G,Sky Blue,8GB,128GB,4.0,18999.0,No,Samsung Galaxy M32 5G|Sky Blue|8GB|128GB
108,2021-10-06,Samsung,Samsung Galaxy M32 5G,Slate Black,6GB,128GB,4.0,16999.0,No,Samsung Galaxy M32 5G|Slate Black|6GB|128GB
109,2021-10-06,Samsung,Samsung Galaxy M32 5G,Slate Black,8GB,128GB,4.0,18999.0,No,Samsung Galaxy M32 5G|Slate Black|8GB|128GB
110,2021-10-06,Samsung,Samsung Galaxy M52 5G,Blazing Black,6GB,128GB,3.7,25999.0,No,Samsung Galaxy M52 5G|Blazing Black|6GB|128GB
111,2021-10-06,Samsung,Samsung Galaxy M52 5G,ICY Blue,6GB,128GB,3.7,25999.0,Yes,Samsung Galaxy M52 5G|ICY Blue|6GB|128GB
112,2021-10-06,Tecno,Tecno Camon 17,Frost Silver,6GB,128GB,3.8,13999.0,No,Tecno Camon 17|Frost Silver|6GB|128GB
113,2021-10-06,Tecno,Tecno Camon 17,Magnet Black,6GB,128GB,3.8,13999.0,No,Tecno Camon 17|Magnet Black|6GB|128GB
114,2021-10-06,Tecno,Tecno Camon 17,Spruce Green,6GB,128GB,3.8,13999.0,No,Tecno Camon 17|Spruce Green|6GB|128GB
115,2021-10-06,Tecno,Tecno Pova,Magic Blue,6GB,128GB,4.0,12490.0,No,Tecno Pova|Magic Blue|6GB|128GB
116,2021-10-06,Tecno,Tecno Pova,Speed Purple,6GB,128GB,4.0,11499.0,No,Tecno Pova|Speed Purple|6GB|128GB
117,2021-10-06,Tecno,Tecno POVA 2,Dazzle Black,6GB,128GB,4.1,13499.0,No,Tecno POVA 2|Dazzle Black|6GB|128GB
118,2021-10-06,Tecno,Tecno POVA 2,Energy Blue,4GB,64GB,4.1,10999.0,No,Tecno POVA 2|Energy Blue|4GB|64GB
119,2021-10-06,Tecno,Tecno POVA 2,Polar Silver,4GB,64GB,4.1,10999.0,Yes,Tecno POVA 2|Polar Silver|4GB|64GB
120,2021-10-06,Tecno,Tecno Spark 7,Magnet Black,2GB,32GB,0.0,7699.0,No,Tecno Spark 7|Magnet Black|2GB|32GB
121,2021-10-06,Tecno,Tecno Spark 7,Magnet Black,2GB,32GB,4.0,7699.0,No,Tecno Spark 7|Magnet Black|2GB|32GB
122,2021-10-06,Tecno,Tecno Spark 7,Morpheus Blue,2GB,32GB,3.9,7699.0,No,Tecno Spark 7|Morpheus Blue|2GB|32GB
123,2021-10-06,Tecno,Tecno Spark 7,Spruce Green,2GB,32GB,4.0,7699.0,No,Tecno Spark 7|Spruce Green|2GB|32GB
124,2021-10-06,Tecno,Tecno Spark 7 Pro,Alps Blue,4GB,64GB,3.9,10999.0,No,Tecno Spark 7 Pro|Alps Blue|4GB|64GB
125,2021-10-06,Tecno,Tecno Spark 7 Pro,Alps Blue,6GB,64GB,3.9,12499.0,No,Tecno Spark 7 Pro|Alps Blue|6GB|64GB
126,2021-10-06,Tecno,Tecno Spark 7 Pro,Magnet Black,4GB,64GB,3.9,10999.0,No,Tecno Spark 7 Pro|Magnet Black|4GB|64GB
127,2021-10-06,Tecno,Tecno Spark 7T,Jewel Blue,4GB,128GB,4.0,10599.0,No,Tecno Spark 7T|Jewel Blue|4GB|128GB
128,2021-10-06,Tecno,Tecno Spark 7T,Jewel Blue,4GB,64GB,4.0,8499.0,No,Tecno Spark 7T|Jewel Blue|4GB|64GB
129,2021-10-06,Tecno,Tecno Spark 7T,Magnet Black,4GB,128GB,4.0,10599.0,No,Tecno Spark 7T|Magnet Black|4GB|128GB
130,2021-10-06,Tecno,Tecno Spark 7T,Magnet Black,4GB,64GB,4.0,8499.0,Yes,Tecno Spark 7T|Magnet Black|4GB|64GB
131,2021-10-06,Tecno,Tecno Spark 7T,Nebula Orange,4GB,128GB,4.0,10599.0,No,Tecno Spark 7T|Nebula Orange|4GB|128GB
132,2021-10-06,Tecno,Tecno Spark 7T,Nebula Orange,4GB,64GB,4.0,8499.0,No,Tecno Spark 7T|Nebula Orange|4GB|64GB
133,2021-10-06,Tecno,Tecno Spark Go 2021,Galaxy Blue,2GB,32GB,4.3,7299.0,No,Tecno Spark Go 2021|Galaxy Blue|2GB|32GB
134,2021-10-06,Tecno,Tecno Spark Go 2021,Horizon Orange,2GB,32GB,4.3,7299.0,No,Tecno Spark Go 2021|Horizon Orange|2GB|32GB
135,2021-10-06,Tecno,Tecno Spark Go 2021,Maldives Blue,2GB,32GB,4.3,7299.0,Yes,Tecno Spark Go 2021|Maldives Blue|2GB|32GB
136,2021-10-06,Vivo,Vivo V19,Mystic Silver,8GB,128GB,4.3,24990.0,No,Vivo V19|Mystic Silver|8GB|128GB
137,2021-10-06,Vivo,Vivo V20 Pro,Midnight Jazz,8GB,128GB,4.3,29990.0,No,Vivo V20 Pro|Midnight Jazz|8GB|128GB
138,2021-10-06,Vivo,Vivo V20 Pro,Sunset Melody,8GB,128GB,4.3,29990.0,No,Vivo V20 Pro|Sunset Melody|8GB|128GB
139,2021-10-06,Vivo,Vivo V21 5G,Dusk Blue,8GB,128GB,4.3,29990.0,No,Vivo V21 5G|Dusk Blue|8GB|128GB
140,2021-10-06,Vivo,Vivo V21 5G,Sunset Dazzle,8GB,256GB,4.3,32990.0,No,Vivo V21 5G|Sunset Dazzle|8GB|256GB
141,2021-10-06,Vivo,Vivo V21e 5G,Dark Pearl,8GB,128GB,4.2,24990.0,No,Vivo V21e 5G|Dark Pearl|8GB|128GB
142,2021-10-06,Vivo,Vivo V21e 5G,Sunset Jazz,8GB,128GB,4.2,24990.0,No,Vivo V21e 5G|Sunset Jazz|8GB|128GB
143,2021-10-06,Vivo,Vivo X60,Midnight Black,12GB,256GB,4.3,39990.0,No,Vivo X60|Midnight Black|12GB|256GB
144,2021-10-06,Vivo,Vivo X60,Shimmer Blue,12GB,256GB,4.3,39990.0,No,Vivo X60|Shimmer Blue|12GB|256GB
145,2021-10-06,Vivo,Vivo X60 Pro,Shimmer Blue,12GB,256GB,4.4,48990.0,No,Vivo X60 Pro|Shimmer Blue|12GB|256GB
146,2021-10-06,Vivo,Vivo Y12s,Glacier Blue,"3GB,",32GB,4.2,10990.0,No,"Vivo Y12s|Glacier Blue|3GB,|32GB"
147,2021-10-06,Vivo,Vivo Y12s,Phantom Black,"3GB,",32GB,4.2,10990.0,No,"Vivo Y12s|Phantom Black|3GB,|32GB"
148,2021-10-06,Vivo,Vivo Y20A,Dawn White,"3GB,",64GB,4.3,11990.0,No,"Vivo Y20A|Dawn White|3GB,|64GB"
149,2021-10-06,Vivo,Vivo Y20A 2021,Nebula Blue,3GB,64GB,4.2,11990.0,No,Vivo Y20A 2021|Nebula Blue|3GB|64GB
150,2021-10-06,Vivo,Vivo Y20G,Obsidiant Black,6GB,128GB,4.1,15990.0,No,Vivo Y20G|Obsidiant Black|6GB|128GB
151,2021-10-06,Vivo,Vivo Y20G,Purist Blue,6GB,128GB,4.1,15990.0,No,Vivo Y20G|Purist Blue|6GB|128GB
152,2021-10-06,Vivo,Vivo Y20G 2021,Purist Blue,4GB,64GB,4.2,13990.0,No,Vivo Y20G 2021|Purist Blue|4GB|64GB
153,2021-10-06,Vivo,Vivo Y21,Diamond Glow,4GB,128GB,4.1,15490.0,No,Vivo Y21|Diamond Glow|4GB|128GB
154,2021-10-06,Vivo,Vivo Y21,Midnight Blue,4GB,128GB,4.1,15490.0,No,Vivo Y21|Midnight Blue|4GB|128GB
155,2021-10-06,Vivo,Vivo Y33s,Middday Dream,8GB,128GB,4.3,17990.0,No,Vivo Y33s|Middday Dream|8GB|128GB
156,2021-10-06,Vivo,Vivo Y33s,Mirror Black,8GB,128GB,4.3,17990.0,No,Vivo Y33s|Mirror Black|8GB|128GB
157,2021-10-06,Vivo,Vivo Y53s,Deap Sea Blue,8GB,128GB,3.9,19490.0,No,Vivo Y53s|Deap Sea Blue|8GB|128GB
158,2021-10-06,Vivo,Vivo Y53s,Fantastic Rainbow,8GB,128GB,3.9,19490.0,No,Vivo Y53s|Fantastic Rainbow|8GB|128GB
159,2021-10-06,Vivo,Vivo Y72 5G,Prism Magic,8GB,128GB,4.0,20990.0,No,Vivo Y72 5G|Prism Magic|8GB|128GB
160,2021-10-06,Vivo,Vivo Y72 5G,Slate Gray,8GB,128GB,4.0,20990.0,No,Vivo Y72 5G|Slate Gray|8GB|128GB
161,2021-10-06,Vivo,Vivo Y73,Diamond Flare,8GB,128GB,4.4,20990.0,No,Vivo Y73|Diamond Flare|8GB|128GB
162,2021-10-06,Vivo,Vivo Y73,Roman Black,8GB,128GB,4.4,20990.0,No,Vivo Y73|Roman Black|8GB|128GB
163,2021-10-06,Xiaomi,Xiaomi 11 Lite NE 5G,Jazz Blue,6GB,128GB,0.0,26999.0,No,Xiaomi 11 Lite NE 5G|Jazz Blue|6GB|128GB
164,2021-10-06,Samsung,Samsung Galaxy S20 FE 5G,Cloud Green,8GB,128GB,4.4,36990.0,Yes,Samsung Galaxy S20 FE 5G|Cloud Green|8GB|128GB
165,2021-10-06,Samsung,Samsung Galaxy Note 20,Mystic Green,8GB,266GB,4.2,44990.0,Yes,Samsung Galaxy Note 20|Mystic Green|8GB|266GB
0,2021-10-08,iQOO,iQOO Z5 5G,Arctic Dawn,12GB,256GB,3.6,26990.0,No,iQOO Z5 5G|Arctic Dawn|12GB|256GB
1,2021-10-08,iQOO,iQOO Z5 5G,Arctic Dawn,8GB,128GB,3.6,23990.0,No,iQOO Z5 5G|Arctic Dawn|8GB|128GB
2,2021-10-08,iQOO,iQOO Z5 5G,Mystic Space,8GB,128GB,3.6,23990.0,No,iQOO Z5 5G|Mystic Space|8GB|128GB
3,2021-10-08,OnePlus,OnePlus 8T 5G,Lunar Silver,8GB,128GB,4.4,38999.0,No,OnePlus 8T 5G|Lunar Silver|8GB|128GB
4,2021-10-08,OnePlus,OnePlus 9 5G,Arctic Sky,12GB,256GB,4.2,51999.0,No,OnePlus 9 5G|Arctic Sky|12GB|256GB
5,2021-10-08,OnePlus,OnePlus 9 5G,Arctic Sky,8GB,128GB,4.2,46999.0,No,OnePlus 9 5G|Arctic Sky|8GB|128GB
6,2021-10-08,OnePlus,OnePlus 9 5G,Astral Black,8GB,128GB,4.2,46999.0,No,OnePlus 9 5G|Astral Black|8GB|128GB
7,2021-10-08,OnePlus,OnePlus 9 Pro 5G,Morning Mist,12GB,256GB,4.3,65999.0,No,OnePlus 9 Pro 5G|Morning Mist|12GB|256GB
8,2021-10-08,OnePlus,OnePlus 9 Pro 5G,Morning Mist,8GB,128GB,4.3,60999.0,No,OnePlus 9 Pro 5G|Morning Mist|8GB|128GB
9,2021-10-08,OnePlus,OnePlus 9 Pro 5G,Pine Green,12GB,256GB,4.3,65999.0,No,OnePlus 9 Pro 5G|Pine Green|12GB|256GB
10,2021-10-08,OnePlus,OnePlus 9 Pro 5G,Pine Green,8GB,128GB,4.3,60999.0,No,OnePlus 9 Pro 5G|Pine Green|8GB|128GB
11,2021-10-08,OnePlus,OnePlus 9 Pro 5G,Stellar Black,12GB,256GB,4.3,65999.0,No,OnePlus 9 Pro 5G|Stellar Black|12GB|256GB
12,2021-10-08,OnePlus,OnePlus 9 Pro 5G,Stellar Black,8GB,128GB,4.3,60999.0,No,OnePlus 9 Pro 5G|Stellar Black|8GB|128GB
13,2021-10-08,OnePlus,OnePlus 9R 5G,Carbon Black,8GB,128GB,4.4,36999.0,No,OnePlus 9R 5G|Carbon Black|8GB|128GB
14,2021-10-08,OnePlus,OnePlus 9R 5G,Lake Blue,12GB,256GB,4.4,40999.0,No,OnePlus 9R 5G|Lake Blue|12GB|256GB
15,2021-10-08,OnePlus,OnePlus 9R 5G,Lake Blue,8GB,128GB,4.4,36999.0,No,OnePlus 9R 5G|Lake Blue|8GB|128GB
16,2021-10-08,OnePlus,OnePlus Nord 2 5G,Blue Haze,8GB,128GB,4.3,29999.0,No,OnePlus Nord 2 5G|Blue Haze|8GB|128GB
17,2021-10-08,OnePlus,OnePlus Nord CE 5G,Charcoal Ink,8GB,128GB,4.1,24999.0,No,OnePlus Nord CE 5G|Charcoal Ink|8GB|128GB
18,2021-10-08,Oppo,OPPO A16,Crystal Black,4GB,64GB,3.5,13990.0,No,OPPO A16|Crystal Black|4GB|64GB
19,2021-10-08,Oppo,OPPO A16,Pearl Blue,4GB,64GB,3.5,13990.0,No,OPPO A16|Pearl Blue|4GB|64GB
20,2021-10-08,Oppo,OPPO A16,Royal Gold,4GB,64GB,3.5,13990.0,No,OPPO A16|Royal Gold|4GB|64GB
21,2021-10-08,Oppo,Oppo A54,Crystal Black,6GB,128GB,4.2,16490.0,No,Oppo A54|Crystal Black|6GB|128GB
22,2021-10-08,Oppo,Oppo A54,Moonlight Gold,6GB,128GB,4.2,16490.0,No,Oppo A54|Moonlight Gold|6GB|128GB
23,2021-10-08,Oppo,OPPO A55,Rainbow Blue,4GB,64GB,4.0,15490.0,Yes,OPPO A55|Rainbow Blue|4GB|64GB
24,2021-10-08,Oppo,OPPO A55,Starry Black,4GB,64GB,4.0,15490.0,No,OPPO A55|Starry Black|4GB|64GB
25,2021-10-08,realme,realme narzo 50A,Oxygen Blue,4GB,128GB,5.0,12499.0,No,realme narzo 50A|Oxygen Blue|4GB|128GB
26,2021-10-08,realme,realme narzo 50A,Oxygen Green,4GB,128GB,0.0,12499.0,No,realme narzo 50A|Oxygen Green|4GB|128GB
27,2021-10-08,realme,realme narzo 50A,Oxygen Green,4GB,64GB,0.0,11499.0,No,realme narzo 50A|Oxygen Green|4GB|64GB
28,2021-10-08,realme,realme narzo 50i,Carbon Black,2GB,32GB,0.0,7499.0,No,realme narzo 50i|Carbon Black|2GB|32GB
29,2021-10-08,realme,realme narzo 50i,Carbon Black,4GB,64GB,1.0,8999.0,No,realme narzo 50i|Carbon Black|4GB|64GB
30,2021-10-08,realme,realme narzo 50i,Mint Green,2GB,32GB,1.0,7499.0,No,realme narzo 50i|Mint Green|2GB|32GB
31,2021-10-08,realme,realme narzo 50i,Mint Green,4GB,64GB,1.0,8999.0,No,realme narzo 50i|Mint Green|4GB|64GB
32,2021-10-08,Redmi,Redmi 10,Prime Phantom Black,6GB,128GB,3.6,14499.0,No,Redmi 10|Prime Phantom Black|6GB|128GB
33,2021-10-08,Redmi,Redmi 10 Prime,Astral White,4GB,64GB,3.6,12499.0,No,Redmi 10 Prime|Astral White|4GB|64GB
34,2021-10-08,Redmi,Redmi 10 Prime,Astral White,6GB,128GB,3.6,14499.0,No,Redmi 10 Prime|Astral White|6GB|128GB
35,2021-10-08,Redmi,Redmi 10 Prime,Bifrost Blue,4GB,64GB,3.6,12499.0,No,Redmi 10 Prime|Bifrost Blue|4GB|64GB
36,2021-10-08,Redmi,Redmi 10 Prime,Bifrost Blue,6GB,128GB,3.6,14499.0,No,Redmi 10 Prime|Bifrost Blue|6GB|128GB
37,2021-10-08,Redmi,Redmi 10 Prime,Phantom Black,4GB,64GB,3.6,12499.0,No,Redmi 10 Prime|Phantom Black|4GB|64GB
38,2021-10-08,Redmi,Redmi 9 Activ,Carbon Black,6GB,128GB,4.2,10999.0,No,Redmi 9 Activ|Carbon Black|6GB|128GB
39,2021-10-08,Redmi,Redmi 9 Activ,Coral Green,4GB,64GB,4.2,8799.0,No,Redmi 9 Activ|Coral Green|4GB|64GB
40,2021-10-08,Redmi,Redmi 9 Activ,Coral Green,6GB,128GB,4.2,10999.0,No,Redmi 9 Activ|Coral Green|6GB|128GB
41,2021-10-08,Redmi,Redmi 9 Activ,Metallic Purple,4GB,64GB,4.2,8799.0,No,Redmi 9 Activ|Metallic Purple|4GB|64GB
42,2021-10-08,Redmi,Redmi 9 Activ,Metallic Purple,6GB,128GB,4.2,10999.0,No,Redmi 9 Activ|Metallic Purple|6GB|128GB
43,2021-10-08,Redmi,Redmi Note 10 Lite,Aurora Blue,4GB,128GB,4.2,14999.0,No,Redmi Note 10 Lite|Aurora Blue|4GB|128GB
44,2021-10-08,Redmi,Redmi Note 10 Lite,Aurora Blue,4GB,64GB,4.2,13999.0,No,Redmi Note 10 Lite|Aurora Blue|4GB|64GB
45,2021-10-08,Redmi,Redmi Note 10 Lite,Aurora Blue,6GB,128GB,4.2,15999.0,No,Redmi Note 10 Lite|Aurora Blue|6GB|128GB
46,2021-10-08,Redmi,Redmi Note 10 Lite,Champagne Gold,4GB,128GB,4.2,14999.0,No,Redmi Note 10 Lite|Champagne Gold|4GB|128GB
47,2021-10-08,Redmi,Redmi Note 10 Lite,Champagne Gold,6GB,128GB,4.2,15999.0,No,Redmi Note 10 Lite|Champagne Gold|6GB|128GB
48,2021-10-08,Redmi,Redmi Note 10 Lite,Glacier White,4GB,128GB,4.2,14999.0,No,Redmi Note 10 Lite|Glacier White|4GB|128GB
49,2021-10-08,Redmi,Redmi Note 10 Lite,Glacier White,6GB,128GB,4.2,15999.0,No,Redmi Note 10 Lite|Glacier White|6GB|128GB
50,2021-10-08,Redmi,Redmi Note 10 Lite,Interstellar Black,4GB,128GB,4.2,14999.0,No,Redmi Note 10 Lite|Interstellar Black|4GB|128GB
51,2021-10-08,Redmi,Redmi Note 10T 5G,Chromium White,4GB,64GB,3.9,14999.0,No,Redmi Note 10T 5G|Chromium White|4GB|64GB
52,2021-10-08,Redmi,Redmi Note 10T 5G,Chromium White,6GB,128GB,3.5,16999.0,No,Redmi Note 10T 5G|Chromium White|6GB|128GB
53,2021-10-08,Redmi,Redmi Note 10T 5G,Graphite Black,4GB,64GB,4.1,14999.0,No,Redmi Note 10T 5G|Graphite Black|4GB|64GB
54,2021-10-08,Redmi,Redmi Note 10T 5G,Graphite Black,6GB,128GB,4.1,16999.0,No,Redmi Note 10T 5G|Graphite Black|6GB|128GB
55,2021-10-08,Redmi,Redmi Note 10T 5G,Metallic Blue,6GB,128GB,4.1,16999.0,No,Redmi Note 10T 5G|Metallic Blue|6GB|128GB
56,2021-10-08,Redmi,Redmi Note 10T 5G,Mint Green,4GB,64GB,4.1,14999.0,No,Redmi Note 10T 5G|Mint Green|4GB|64GB
57,2021-10-08,Samsung,Samsung Galaxy M21 2021 Edition,Arctic Blue,4GB,64GB,4.2,12499.0,No,Samsung Galaxy M21 2021 Edition|Arctic Blue|4GB|64GB
58,2021-10-08,Samsung,Samsung Galaxy M21 2021 Edition,Arctic Blue,6GB,128GB,4.2,14499.0,No,Samsung Galaxy M21 2021 Edition|Arctic Blue|6GB|128GB
59,2021-10-08,Samsung,Samsung Galaxy M21 2021 Edition,Charcoal black,4GB,64GB,4.2,12499.0,No,Samsung Galaxy M21 2021 Edition|Charcoal black|4GB|64GB
60,2021-10-08,Samsung,Samsung Galaxy M21 2021 Edition,Charcoal black,6GB,128GB,4.2,14499.0,No,Samsung Galaxy M21 2021 Edition|Charcoal black|6GB|128GB
61,2021-10-08,Samsung,Samsung Galaxy M32 5G,Sky Blue,6GB,128GB,3.9,16999.0,Yes,Samsung Galaxy M32 5G|Sky Blue|6GB|128GB
62,2021-10-08,Samsung,Samsung Galaxy M32 5G,Sky Blue,8GB,128GB,3.9,18999.0,No,Samsung Galaxy M32 5G|Sky Blue|8GB|128GB
63,2021-10-08,Samsung,Samsung Galaxy M32 5G,Slate Black,6GB,128GB,3.9,16999.0,No,Samsung Galaxy M32 5G|Slate Black|6GB|128GB
64,2021-10-08,Samsung,Samsung Galaxy M32 5G,Slate Black,8GB,128GB,3.9,18999.0,No,Samsung Galaxy M32 5G|Slate Black|8GB|128GB
65,2021-10-08,Samsung,Samsung Galaxy M52 5G,Blazing Black,6GB,128GB,3.4,25999.0,Yes,Samsung Galaxy M52 5G|Blazing Black|6GB|128GB
66,2021-10-08,Samsung,Samsung Galaxy M52 5G,Blazing Black,8GB,128GB,3.4,27999.0,No,Samsung Galaxy M52 5G|Blazing Black|8GB|128GB
67,2021-10-08,Samsung,Samsung Galaxy M52 5G,ICY Blue,6GB,128GB,3.4,25999.0,No,Samsung Galaxy M52 5G|ICY Blue|6GB|128GB
68,2021-10-08,Samsung,Samsung Galaxy M52 5G,ICY Blue,8GB,128GB,3.4,27999.0,No,Samsung Galaxy M52 5G|ICY Blue|8GB|128GB
69,2021-10-08,Tecno,Tecno Camon 17,Frost Silver,6GB,128GB,3.8,12999.0,No,Tecno Camon 17|Frost Silver|6GB|128GB
70,2021-10-08,Tecno,Tecno Camon 17,Magnet Black,6GB,128GB,3.8,12999.0,No,Tecno Camon 17|Magnet Black|6GB|128GB
71,2021-10-08,Tecno,Tecno Camon 17,Spruce Green,6GB,128GB,3.8,12999.0,No,Tecno Camon 17|Spruce Green|6GB|128GB
72,2021-10-08,Tecno,Tecno POVA 2,Dazzle Black,6GB,128GB,4.1,13499.0,No,Tecno POVA 2|Dazzle Black|6GB|128GB
73,2021-10-08,Tecno,Tecno POVA 2,Polar Silver,4GB,64GB,4.1,10999.0,Yes,Tecno POVA 2|Polar Silver|4GB|64GB
74,2021-10-08,Tecno,Tecno Spark 7,Magnet Black,2GB,32GB,0.0,7699.0,No,Tecno Spark 7|Magnet Black|2GB|32GB
75,2021-10-08,Tecno,Tecno Spark 7,Morpheus Blue,2GB,32GB,0.0,7699.0,No,Tecno Spark 7|Morpheus Blue|2GB|32GB
76,2021-10-08,Tecno,Tecno Spark 7,Spruce Green,2GB,32GB,0.0,7699.0,No,Tecno Spark 7|Spruce Green|2GB|32GB
77,2021-10-08,Tecno,TECNO Spark 7T,Jewel Blue,4GB,128GB,4.0,10599.0,No,TECNO Spark 7T|Jewel Blue|4GB|128GB
78,2021-10-08,Tecno,TECNO Spark 7T,Magnet Black,4GB,128GB,4.0,10599.0,No,TECNO Spark 7T|Magnet Black|4GB|128GB
79,2021-10-08,Tecno,TECNO Spark 7T,Nebula Orange,4GB,128GB,4.0,10599.0,No,TECNO Spark 7T|Nebula Orange|4GB|128GB
80,2021-10-08,Tecno,TECNO Spark 7T,Nebula Orange,4GB,64GB,4.0,8499.0,No,TECNO Spark 7T|Nebula Orange|4GB|64GB
81,2021-10-08,Tecno,Tecno Spark Go 2021,Horizon Orange,2GB,32GB,4.2,7299.0,No,Tecno Spark Go 2021|Horizon Orange|2GB|32GB
82,2021-10-08,Vivo,Vivo Y20A 2021,Nebula Blue,3GB,64GB,4.2,11990.0,No,Vivo Y20A 2021|Nebula Blue|3GB|64GB
83,2021-10-08,Vivo,Vivo Y20G 2021,Purist Blue,4GB,64GB,4.2,13990.0,No,Vivo Y20G 2021|Purist Blue|4GB|64GB
84,2021-10-08,Vivo,Vivo Y21,Diamond Glow,4GB,128GB,4.1,15490.0,No,Vivo Y21|Diamond Glow|4GB|128GB
85,2021-10-08,Vivo,Vivo Y21,Diamond Glow,4GB,64GB,4.1,13990.0,No,Vivo Y21|Diamond Glow|4GB|64GB
86,2021-10-08,Vivo,Vivo Y21,Midnight Blue,4GB,128GB,4.1,15490.0,No,Vivo Y21|Midnight Blue|4GB|128GB
87,2021-10-08,Vivo,Vivo Y21,Midnight Blue,4GB,64GB,4.1,13990.0,No,Vivo Y21|Midnight Blue|4GB|64GB
88,2021-10-08,Vivo,Vivo Y33s,Middday Dream,8GB,128GB,4.4,17990.0,No,Vivo Y33s|Middday Dream|8GB|128GB
89,2021-10-08,Vivo,Vivo Y33s,Mirror Black,8GB,128GB,4.4,17990.0,No,Vivo Y33s|Mirror Black|8GB|128GB
90,2021-10-08,Vivo,Vivo Y53s,Deap Sea Blue,8GB,128GB,3.9,19490.0,No,Vivo Y53s|Deap Sea Blue|8GB|128GB
91,2021-10-08,Vivo,Vivo Y53s,Fantastic Rainbow,8GB,128GB,3.9,19490.0,No,Vivo Y53s|Fantastic Rainbow|8GB|128GB
92,2021-10-08,Vivo,Vivo Y72 5G,Prism Magic,8GB,128GB,4.0,20990.0,No,Vivo Y72 5G|Prism Magic|8GB|128GB
93,2021-10-08,Vivo,Vivo Y72 5G,Slate Gray,8GB,128GB,4.0,20990.0,No,Vivo Y72 5G|Slate Gray|8GB|128GB
94,2021-10-08,Vivo,Vivo Y73,Diamond Flare,8GB,128GB,4.4,20990.0,No,Vivo Y73|Diamond Flare|8GB|128GB
95,2021-10-08,Vivo,Vivo Y73,Roman Black,8GB,128GB,4.4,20990.0,No,Vivo Y73|Roman Black|8GB|128GB
96,2021-10-08,Xiaomi,Xiaomi 11 Lite NE 5G,Diamond Dazzle,6GB,128GB,3.2,26999.0,No,Xiaomi 11 Lite NE 5G|Diamond Dazzle|6GB|128GB
97,2021-10-08,Xiaomi,Xiaomi 11 Lite NE 5G,Jazz Blue,6GB,128GB,3.2,26999.0,No,Xiaomi 11 Lite NE 5G|Jazz Blue|6GB|128GB
98,2021-10-08,Xiaomi,Xiaomi 11 Lite NE 5G,Jazz Blue,8GB,128GB,3.2,28999.0,No,Xiaomi 11 Lite NE 5G|Jazz Blue|8GB|128GB
99,2021-10-08,Xiaomi,Xiaomi 11 Lite NE 5G,Tuscany Coral,6GB,128GB,3.2,26999.0,No,Xiaomi 11 Lite NE 5G|Tuscany Coral|6GB|128GB
100,2021-10-08,Xiaomi,Xiaomi 11 Lite NE 5G,Vinyl Black,6GB,128GB,3.2,26999.0,No,Xiaomi 11 Lite NE 5G|Vinyl Black|6GB|128GB
101,2021-10-08,Mi,Mi 10i 5G,Atlantic Blue,6GB,128GB,4.2,21999.0,No,Mi 10i 5G|Atlantic Blue|6GB|128GB
102,2021-10-08,Mi,Mi 10i 5G,Midnight Black,6GB,128GB,4.2,21999.0,No,Mi 10i 5G|Midnight Black|6GB|128GB
103,2021-10-08,Mi,Mi 11X 5G,Celestial Silver,6GB,128GB,4.0,26999.0,No,Mi 11X 5G|Celestial Silver|6GB|128GB
104,2021-10-08,Mi,Mi 11X 5G,Celestial Silver,8GB,128GB,4.0,28999.0,No,Mi 11X 5G|Celestial Silver|8GB|128GB
105,2021-10-08,Mi,Mi 11X 5G,Cosmic Black,6GB,128GB,4.0,26999.0,Yes,Mi 11X 5G|Cosmic Black|6GB|128GB
106,2021-10-08,Mi,Mi 11X 5G,Cosmic Black,8GB,128GB,4.0,28999.0,No,Mi 11X 5G|Cosmic Black|8GB|128GB
107,2021-10-08,Mi,Mi 11X 5G,Lunar White,6GB,128GB,4.0,26999.0,No,Mi 11X 5G|Lunar White|6GB|128GB
108,2021-10-08,Mi,Mi 11X 5G,Lunar White,8GB,128GB,4.0,28999.0,Yes,Mi 11X 5G|Lunar White|8GB|128GB
109,2021-10-08,Mi,Mi 11X Pro 5G,Celestial Silver,8GB,128GB,3.9,36999.0,No,Mi 11X Pro 5G|Celestial Silver|8GB|128GB
110,2021-10-08,Mi,Mi 11X Pro 5G,Cosmic Black,8GB,128GB,3.9,36999.0,No,Mi 11X Pro 5G|Cosmic Black|8GB|128GB
111,2021-10-08,Mi,Mi 11X Pro 5G,Cosmic Black,8GB,256GB,3.9,38999.0,No,Mi 11X Pro 5G|Cosmic Black|8GB|256GB
112,2021-10-08,Mi,Mi 11X Pro 5G,Lunar White,8GB,128GB,3.9,36999.0,Yes,Mi 11X Pro 5G|Lunar White|8GB|128GB
113,2021-10-08,Oppo,OPPO A74 5G,Fluid Black,6GB,128GB,4.2,15990.0,Yes,OPPO A74 5G|Fluid Black|6GB|128GB
114,2021-10-08,Oppo,OPPO A74 5G,Fantastic Purple,6GB,128GB,4.2,15990.0,Yes,OPPO A74 5G|Fantastic Purple|6GB|128GB
115,2021-10-08,Oppo,OPPO F19 Pro+ 5G,Fluid Black,8GB,128GB,4.2,25990.0,Yes,OPPO F19 Pro+ 5G|Fluid Black|8GB|128GB
116,2021-10-08,Vivo,Vivo V21,Sunset Dazzle,8GB,128GB,4.1,29990.0,Yes,Vivo V21|Sunset Dazzle|8GB|128GB
117,2021-10-08,Vivo,Vivo V21,Dusk Blue,8GB,128GB,4.1,29990.0,Yes,Vivo V21|Dusk Blue|8GB|128GB
118,2021-10-08,Oppo,OPPO A31,Fantasy White,6GB,128GB,4.2,11490.0,Yes,OPPO A31|Fantasy White|6GB|128GB
119,2021-10-08,Tecno,TECNO Spark 7T,Jewel Blue,4GB,64GB,4.0,8499.0,No,TECNO Spark 7T|Jewel Blue|4GB|64GB
120,2021-10-08,Oppo,Oppo A54,Moonlight Gold,4GB,128GB,4.2,15990.0,Yes,Oppo A54|Moonlight Gold|4GB|128GB
0,2021-09-22,OnePlus,OnePlus Nord 2 5G,Blue Haze,8GB,128GB,4.3,29999.0,No,OnePlus Nord 2 5G|Blue Haze|8GB|128GB
1,2021-09-22,OnePlus,OnePlus Nord 2 5G,Gray Sierra,8GB,128GB,4.3,29999.0,No,OnePlus Nord 2 5G|Gray Sierra|8GB|128GB
2,2021-09-22,OnePlus,OnePlus Nord CE 5G,Blue Void,8GB,128GB,4.1,24999.0,No,OnePlus Nord CE 5G|Blue Void|8GB|128GB
3,2021-09-22,OnePlus,OnePlus Nord CE 5G,Charcoal Ink,8GB,128GB,4.1,24999.0,No,OnePlus Nord CE 5G|Charcoal Ink|8GB|128GB
4,2021-09-22,Redmi,Redmi 9,Carbon Black,4GB,64GB,4.2,9499.0,No,Redmi 9|Carbon Black|4GB|64GB
5,2021-09-22,Redmi,Redmi 9,Sky Blue,4GB,64GB,4.2,9499.0,No,Redmi 9|Sky Blue|4GB|64GB
6,2021-09-22,Redmi,Redmi 9,Sporty Orange,4GB,64GB,4.2,9499.0,No,Redmi 9|Sporty Orange|4GB|64GB
7,2021-09-22,Redmi,Redmi 9 Power,Blazing Blue,4GB,64GB,4.2,11499.0,No,Redmi 9 Power|Blazing Blue|4GB|64GB
8,2021-09-22,Redmi,Redmi 9 Power,Mighty Black,4GB,64GB,4.2,11499.0,No,Redmi 9 Power|Mighty Black|4GB|64GB
9,2021-09-22,Redmi,Redmi 9 Prime,Mint Green,4GB,64GB,4.3,10499.0,No,Redmi 9 Prime|Mint Green|4GB|64GB
10,2021-09-22,Redmi,Redmi 9 Prime,Space Blue,4GB,64GB,4.3,10499.0,No,Redmi 9 Prime|Space Blue|4GB|64GB
11,2021-09-22,Redmi,Redmi 9A,Midnight Black,2GB,32GB,4.3,6999.0,No,Redmi 9A|Midnight Black|2GB|32GB
12,2021-09-22,Redmi,Redmi 9A,Nature Green,2GB,32GB,4.2,6999.0,No,Redmi 9A|Nature Green|2GB|32GB
13,2021-09-22,Redmi,Redmi 9A,Sea Blue,2GB,32GB,4.3,6999.0,No,Redmi 9A|Sea Blue|2GB|32GB
14,2021-09-22,Redmi,Redmi Note 10,Aqua Green,4GB,64GB,4.2,13999.0,No,Redmi Note 10|Aqua Green|4GB|64GB
15,2021-09-22,Redmi,Redmi Note 10 Pro,Dark Night,6GB,128GB,4.2,17999.0,No,Redmi Note 10 Pro|Dark Night|6GB|128GB
16,2021-09-22,Redmi,Redmi Note 10 Pro,Glacial Blue,6GB,128GB,4.2,17999.0,No,Redmi Note 10 Pro|Glacial Blue|6GB|128GB
17,2021-09-22,Redmi,Redmi Note 10 Pro Max,Dark Night,6GB,128GB,4.1,19999.0,No,Redmi Note 10 Pro Max|Dark Night|6GB|128GB
18,2021-09-22,Redmi,Redmi Note 10S,Deep Sea Blue,6GB,64GB,4.1,14999.0,No,Redmi Note 10S|Deep Sea Blue|6GB|64GB
19,2021-09-22,Samsung,Samsung Galaxy M12,Black,4GB,64GB,4.1,11499.0,No,Samsung Galaxy M12|Black|4GB|64GB
20,2021-09-22,Samsung,Samsung Galaxy M12,Blue,4GB,64GB,4.1,11499.0,No,Samsung Galaxy M12|Blue|4GB|64GB
21,2021-09-22,Samsung,Samsung Galaxy M12,Blue,6GB,128GB,4.1,13499.0,No,Samsung Galaxy M12|Blue|6GB|128GB
22,2021-09-22,Samsung,Samsung Galaxy M21 2021 Edition,Arctic Blue,4GB,64GB,4.2,12999.0,Yes,Samsung Galaxy M21 2021 Edition|Arctic Blue|4GB|64GB
23,2021-09-22,Samsung,Samsung Galaxy M31,Ocean Blue,8GB,128GB,4.2,16999.0,No,Samsung Galaxy M31|Ocean Blue|8GB|128GB
0,2021-09-23,OnePlus,OnePlus Nord 2 5G,Blue Haze,8GB,128GB,4.3,29999.0,No,OnePlus Nord 2 5G|Blue Haze|8GB|128GB
1,2021-09-23,OnePlus,OnePlus Nord 2 5G,Gray Sierra,8GB,128GB,4.3,29999.0,No,OnePlus Nord 2 5G|Gray Sierra|8GB|128GB
2,2021-09-23,OnePlus,OnePlus Nord CE 5G,Blue Void,8GB,128GB,4.1,24999.0,No,OnePlus Nord CE 5G|Blue Void|8GB|128GB
3,2021-09-23,OnePlus,OnePlus Nord CE 5G,Charcoal Ink,8GB,128GB,4.1,24999.0,No,OnePlus Nord CE 5G|Charcoal Ink|8GB|128GB
4,2021-09-23,Redmi,Redmi 9,Carbon Black,4GB,64GB,4.2,9499.0,No,Redmi 9|Carbon Black|4GB|64GB
5,2021-09-23,Redmi,Redmi 9,Sky Blue,4GB,64GB,4.2,9499.0,No,Redmi 9|Sky Blue|4GB|64GB
6,2021-09-23,Redmi,Redmi 9,Sporty Orange,4GB,64GB,4.2,9499.0,No,Redmi 9|Sporty Orange|4GB|64GB
7,2021-09-23,Redmi,Redmi 9 Power,Blazing Blue,4GB,64GB,4.2,11499.0,No,Redmi 9 Power|Blazing Blue|4GB|64GB
8,2021-09-23,Redmi,Redmi 9 Power,Mighty Black,4GB,64GB,4.2,11499.0,No,Redmi 9 Power|Mighty Black|4GB|64GB
9,2021-09-23,Redmi,Redmi 9 Prime,Space Blue,4GB,64GB,4.3,10499.0,No,Redmi 9 Prime|Space Blue|4GB|64GB
10,2021-09-23,Redmi,Redmi 9A,Midnight Black,2GB,32GB,4.3,6999.0,No,Redmi 9A|Midnight Black|2GB|32GB
11,2021-09-23,Redmi,Redmi 9A,Nature Green,2GB,32GB,4.2,6999.0,No,Redmi 9A|Nature Green|2GB|32GB
12,2021-09-23,Redmi,Redmi 9A,Sea Blue,2GB,32GB,4.3,6999.0,No,Redmi 9A|Sea Blue|2GB|32GB
13,2021-09-23,Redmi,Redmi Note 10,Aqua Green,4GB,64GB,4.2,13999.0,No,Redmi Note 10|Aqua Green|4GB|64GB
14,2021-09-23,Redmi,Redmi Note 10 Pro,Dark Night,6GB,128GB,4.2,17999.0,No,Redmi Note 10 Pro|Dark Night|6GB|128GB
15,2021-09-23,Redmi,Redmi Note 10 Pro,Glacial Blue,6GB,128GB,4.2,17999.0,No,Redmi Note 10 Pro|Glacial Blue|6GB|128GB
16,2021-09-23,Redmi,Redmi Note 10 Pro Max,Dark Night,6GB,128GB,4.1,19999.0,No,Redmi Note 10 Pro Max|Dark Night|6GB|128GB
17,2021-09-23,Redmi,Redmi Note 10 Pro Max,Vintage Bronze,6GB,128GB,4.1,19999.0,No,Redmi Note 10 Pro Max|Vintage Bronze|6GB|128GB
18,2021-09-23,Redmi,Redmi Note 10S,Deep Sea Blue,6GB,64GB,4.1,14999.0,No,Redmi Note 10S|Deep Sea Blue|6GB|64GB
19,2021-09-23,Redmi,Redmi Note 10S,Shadow Black,6GB,128GB,4.1,16499.0,No,Redmi Note 10S|Shadow Black|6GB|128GB
20,2021-09-23,Samsung,Samsung Galaxy M12,Blue,4GB,64GB,4.1,11499.0,No,Samsung Galaxy M12|Blue|4GB|64GB
21,2021-09-23,Samsung,Samsung Galaxy M12,Blue,6GB,128GB,4.1,13499.0,No,Samsung Galaxy M12|Blue|6GB|128GB
22,2021-09-23,Samsung,Samsung Galaxy M21 2021 Edition,Arctic Blue,4GB,64GB,4.2,12999.0,No,Samsung Galaxy M21 2021 Edition|Arctic Blue|4GB|64GB
23,2021-09-23,Samsung,Samsung Galaxy M21 2021 Edition,Charcoal Black,4GB,64GB,4.2,12999.0,Yes,Samsung Galaxy M21 2021 Edition|Charcoal Black|4GB|64GB
24,2021-09-23,Samsung,Samsung Galaxy M31,Ocean Blue,8GB,128GB,4.2,16999.0,No,Samsung Galaxy M31|Ocean Blue|8GB|128GB
0,2021-09-24,OnePlus,OnePlus 9R 5G,Lake Blue,8GB,128GB,4.4,39999.0,No,OnePlus 9R 5G|Lake Blue|8GB|128GB
1,2021-09-24,OnePlus,OnePlus Nord 2 5G,Blue Haze,8GB,128GB,4.3,29999.0,No,OnePlus Nord 2 5G|Blue Haze|8GB|128GB
2,2021-09-24,OnePlus,OnePlus Nord CE 5G,Blue Void,8GB,128GB,4.1,24999.0,No,OnePlus Nord CE 5G|Blue Void|8GB|128GB
3,2021-09-24,OnePlus,OnePlus Nord CE 5G,Charcoal Ink,8GB,128GB,4.1,24999.0,No,OnePlus Nord CE 5G|Charcoal Ink|8GB|128GB
4,2021-09-24,realme,realme C11,Cool Grey,2GB,32 GB,4.1,7299.0,No,realme C11|Cool Grey|2GB|32 GB
5,2021-09-24,Redmi,Redmi 9,Carbon Black,4GB,64GB,4.2,9499.0,No,Redmi 9|Carbon Black|4GB|64GB
6,2021-09-24,Redmi,Redmi 9,Sky Blue,4GB,64GB,4.2,9499.0,No,Redmi 9|Sky Blue|4GB|64GB
7,2021-09-24,Redmi,Redmi 9,Sporty Orange,4GB,64GB,4.2,9499.0,No,Redmi 9|Sporty Orange|4GB|64GB
8,2021-09-24,Redmi,Redmi Note 10,Aqua Green,4GB,64GB,4.2,13999.0,No,Redmi Note 10|Aqua Green|4GB|64GB
9,2021-09-24,Redmi,Redmi Note 10,Frost White,4GB,64GB,4.2,13999.0,No,Redmi Note 10|Frost White|4GB|64GB
10,2021-09-24,Redmi,Redmi Note 10,Shadow Black,4GB,64GB,4.2,13999.0,No,Redmi Note 10|Shadow Black|4GB|64GB
11,2021-09-24,Redmi,Redmi Note 10S,Deep Sea Blue,6GB,64GB,4.1,14999.0,No,Redmi Note 10S|Deep Sea Blue|6GB|64GB
12,2021-09-24,Redmi,Redmi Note 10S,Frost White,6GB,128GB,4.1,16499.0,No,Redmi Note 10S|Frost White|6GB|128GB
13,2021-09-24,Redmi,Redmi Note 10S,Frost White,6GB,64GB,4.1,14999.0,No,Redmi Note 10S|Frost White|6GB|64GB
14,2021-09-24,Redmi,Redmi Note 10S,Shadow Black,6GB,128GB,4.1,16499.0,No,Redmi Note 10S|Shadow Black|6GB|128GB
15,2021-09-24,Samsung,Samsung Galaxy M12,Black,6GB,128GB,4.1,13499.0,No,Samsung Galaxy M12|Black|6GB|128GB
16,2021-09-24,Samsung,Samsung Galaxy M12,Blue,6GB,128GB,4.1,13499.0,No,Samsung Galaxy M12|Blue|6GB|128GB
17,2021-09-24,Samsung,Samsung Galaxy M21 2021 Edition,Arctic Blue,4GB,64GB,4.2,12999.0,No,Samsung Galaxy M21 2021 Edition|Arctic Blue|4GB|64GB
18,2021-09-24,Samsung,Samsung Galaxy M21 2021 Edition,Arctic Blue,6GB,128GB,4.2,14999.0,No,Samsung Galaxy M21 2021 Edition|Arctic Blue|6GB|128GB
19,2021-09-24,Samsung,Samsung Galaxy M21 2021 Edition,Charcoal Black,4GB,64GB,4.2,12999.0,No,Samsung Galaxy M21 2021 Edition|Charcoal Black|4GB|64GB
20,2021-09-24,Samsung,Samsung Galaxy M21 2021 Edition,Charcoal Black,6GB,128GB,4.2,14999.0,No,Samsung Galaxy M21 2021 Edition|Charcoal Black|6GB|128GB
21,2021-09-24,Samsung,Samsung Galaxy M32,Black,6GB,128GB,4.2,16999.0,No,Samsung Galaxy M32|Black|6GB|128GB
22,2021-09-24,Samsung,Samsung Galaxy M32,Light Blue,6GB,128GB,4.2,16999.0,No,Samsung Galaxy M32|Light Blue|6GB|128GB
23,2021-09-24,Tecno,Tecno POVA 2,Energy Blue,4GB,64GB,4.1,10999.0,No,Tecno POVA 2|Energy Blue|4GB|64GB
0,2021-09-25,OnePlus,OnePlus 9R 5G,Lake Blue,8GB,128GB,4.4,39999.0,No,OnePlus 9R 5G|Lake Blue|8GB|128GB
1,2021-09-25,OnePlus,OnePlus Nord 2 5G,Blue Haze,8GB,128GB,4.3,29999.0,No,OnePlus Nord 2 5G|Blue Haze|8GB|128GB
2,2021-09-25,OnePlus,OnePlus Nord 2 5G,Gray Sierra,8GB,128GB,4.3,29999.0,No,OnePlus Nord 2 5G|Gray Sierra|8GB|128GB
3,2021-09-25,OnePlus,OnePlus Nord CE 5G,Charcoal Ink,8GB,128GB,4.1,24999.0,No,OnePlus Nord CE 5G|Charcoal Ink|8GB|128GB
4,2021-09-25,realme,realme C11,Cool Grey,2GB,32GB,4.1,7299.0,No,realme C11|Cool Grey|2GB|32GB
5,2021-09-25,Redmi,Redmi 9,Carbon Black,4GB,64GB,4.2,9499.0,No,Redmi 9|Carbon Black|4GB|64GB
6,2021-09-25,Redmi,Redmi 9,Sky Blue,4GB,64GB,4.2,9499.0,No,Redmi 9|Sky Blue|4GB|64GB
7,2021-09-25,Redmi,Redmi 9,Sporty Orange,4GB,64GB,4.2,9499.0,No,Redmi 9|Sporty Orange|4GB|64GB
8,2021-09-25,Redmi,Redmi Note 10,Aqua Green,4GB,64GB,4.2,13999.0,No,Redmi Note 10|Aqua Green|4GB|64GB
9,2021-09-25,Redmi,Redmi Note 10,Frost White,4GB,64GB,4.2,13999.0,No,Redmi Note 10|Frost White|4GB|64GB
10,2021-09-25,Redmi,Redmi Note 10,Shadow Black,4GB,64GB,4.2,13999.0,No,Redmi Note 10|Shadow Black|4GB|64GB
11,2021-09-25,Redmi,Redmi Note 10S,Deep Sea Blue,6GB,64GB,4.1,14999.0,No,Redmi Note 10S|Deep Sea Blue|6GB|64GB
12,2021-09-25,Redmi,Redmi Note 10S,Frost White,6GB,128GB,4.1,16499.0,No,Redmi Note 10S|Frost White|6GB|128GB
13,2021-09-25,Redmi,Redmi Note 10S,Frost White,6GB,64GB,4.1,14999.0,No,Redmi Note 10S|Frost White|6GB|64GB
14,2021-09-25,Samsung,Samsung Galaxy M12,Black,6GB,128GB,4.1,13499.0,No,Samsung Galaxy M12|Black|6GB|128GB
15,2021-09-25,Samsung,Samsung Galaxy M12,Blue,6GB,128GB,4.1,13499.0,No,Samsung Galaxy M12|Blue|6GB|128GB
16,2021-09-25,Samsung,Samsung Galaxy M21 2021 Edition,Arctic Blue,4GB,64GB,4.2,12999.0,No,Samsung Galaxy M21 2021 Edition|Arctic Blue|4GB|64GB
17,2021-09-25,Samsung,Samsung Galaxy M21 2021 Edition,Arctic Blue,6GB,128GB,4.2,14999.0,No,Samsung Galaxy M21 2021 Edition|Arctic Blue|6GB|128GB
18,2021-09-25,Samsung,Samsung Galaxy M21 2021 Edition,Charcoal Black,4GB,64GB,4.2,12999.0,No,Samsung Galaxy M21 2021 Edition|Charcoal Black|4GB|64GB
19,2021-09-25,Samsung,Samsung Galaxy M21 2021 Edition,Charcoal Black,6GB,128GB,4.2,14999.0,No,Samsung Galaxy M21 2021 Edition|Charcoal Black|6GB|128GB
20,2021-09-25,Samsung,Samsung Galaxy M32,Black,6GB,128GB,4.2,16999.0,No,Samsung Galaxy M32|Black|6GB|128GB
21,2021-09-25,Samsung,Samsung Galaxy M32,Light Blue,6GB,128GB,4.2,16999.0,No,Samsung Galaxy M32|Light Blue|6GB|128GB
22,2021-09-25,Tecno,Tecno POVA 2,Energy Blue,4GB,64GB,4.1,10999.0,No,Tecno POVA 2|Energy Blue|4GB|64GB
0,2021-09-26,iQOO,iQOO Z3 5G,Ace Black,6GB,128GB,4.3,19990.0,No,iQOO Z3 5G|Ace Black|6GB|128GB
1,2021-09-26,iQOO,iQOO Z3 5G,Ace Black,8GB,128GB,4.3,20990.0,No,iQOO Z3 5G|Ace Black|8GB|128GB
2,2021-09-26,Mi,Mi 10i 5G,Atlantic Blue,6GB,128GB,4.2,21999.0,No,Mi 10i 5G|Atlantic Blue|6GB|128GB
3,2021-09-26,Nokia,"Nokia C01 Plus 4G, Android 11",Blue,2GB,16GB,3.7,5999.0,No,"Nokia C01 Plus 4G, Android 11|Blue|2GB|16GB"
4,2021-09-26,OnePlus,OnePlus 9R 5G,Carbon Black,8GB,128GB,4.4,39999.0,No,OnePlus 9R 5G|Carbon Black|8GB|128GB
5,2021-09-26,OnePlus,OnePlus 9R 5G,Lake Blue,12GB,256GB,4.4,43999.0,No,OnePlus 9R 5G|Lake Blue|12GB|256GB
6,2021-09-26,OnePlus,OnePlus 9R 5G,Lake Blue,8GB,128GB,4.4,39999.0,No,OnePlus 9R 5G|Lake Blue|8GB|128GB
7,2021-09-26,OPPO,OPPO A31,Fantasy White,4GB,64GB,4.2,11490.0,No,OPPO A31|Fantasy White|4GB|64GB
8,2021-09-26,OPPO,OPPO A74 5G,Fantastic Purple,6GB,128GB,4.2,17990.0,No,OPPO A74 5G|Fantastic Purple|6GB|128GB
9,2021-09-26,realme,realme C11,Cool Blue,2GB,32GB,4.1,7299.0,No,realme C11|Cool Blue|2GB|32GB
10,2021-09-26,realme,realme narzo 30,Racing Blue,4GB,64GB,4.1,13499.0,No,realme narzo 30|Racing Blue|4GB|64GB
11,2021-09-26,realme,realme narzo 30 5G,Racing Blue,6GB,128GB,4.2,16999.0,No,realme narzo 30 5G|Racing Blue|6GB|128GB
12,2021-09-26,Redmi,Redmi 9 Power,Electric Green,6GB,128GB,4.2,13499.0,No,Redmi 9 Power|Electric Green|6GB|128GB
13,2021-09-26,Redmi,Redmi 9 Power,Fiery Red,4GB,64GB,4.2,11499.0,No,Redmi 9 Power|Fiery Red|4GB|64GB
14,2021-09-26,Redmi,Redmi 9 Power,Fiery Red,6GB,128GB,4.2,13499.0,No,Redmi 9 Power|Fiery Red|6GB|128GB
15,2021-09-26,Redmi,Redmi Note 10,Shadow Black,4GB,64GB,4.2,13999.0,No,Redmi Note 10|Shadow Black|4GB|64GB
16,2021-09-26,Samsung,Samsung Galaxy M12,Black,4GB,64GB,4.1,11499.0,No,Samsung Galaxy M12|Black|4GB|64GB
17,2021-09-26,Samsung,Samsung Galaxy M12,White,6GB,128GB,4.1,13499.0,No,Samsung Galaxy M12|White|6GB|128GB
18,2021-09-26,Samsung,Samsung Galaxy M21 2021 Edition,Charcoal Black,4GB,64GB,4.2,12999.0,Yes,Samsung Galaxy M21 2021 Edition|Charcoal Black|4GB|64GB
19,2021-09-26,Samsung,Samsung Galaxy M31,Space Black,8GB,128GB,4.2,43999.0,No,Samsung Galaxy M31|Space Black|8GB|128GB
20,2021-09-26,Samsung,Samsung Galaxy M32,Black,6GB,128GB,4.2,16999.0,No,Samsung Galaxy M32|Black|6GB|128GB
21,2021-09-26,Samsung,Samsung Galaxy M32,Light Blue,4GB,64GB,4.2,14999.0,No,Samsung Galaxy M32|Light Blue|4GB|64GB
22,2021-09-26,Samsung,Samsung Galaxy M32 5G,Sky Blue,6GB,128GB,4.0,20999.0,No,Samsung Galaxy M32 5G|Sky Blue|6GB|128GB
23,2021-09-26,Tecno,Tecno POVA 2,Energy Blue,4GB,64GB,4.1,10999.0,No,Tecno POVA 2|Energy Blue|4GB|64GB
24,2021-09-26,Tecno,Tecno Spark 7T,Magnet Black,4GB,64GB,4.0,9499.0,No,Tecno Spark 7T|Magnet Black|4GB|64GB
0,2021-09-27,OnePlus,OnePlus 8T 5G,Aquamarine Green,8GB,128GB,4.4,38999.0,No,OnePlus 8T 5G|Aquamarine Green|8GB|128GB
1,2021-09-27,OnePlus,OnePlus 8T 5G,Lunar Silver,8GB,128GB,4.4,38999.0,No,OnePlus 8T 5G|Lunar Silver|8GB|128GB
2,2021-09-27,OnePlus,OnePlus 9 Pro 5G,Morning Mist,12GB,256GB,4.3,69999.0,No,OnePlus 9 Pro 5G|Morning Mist|12GB|256GB
3,2021-09-27,OnePlus,OnePlus 9 Pro 5G,Pine Green,12GB,256GB,4.3,69999.0,No,OnePlus 9 Pro 5G|Pine Green|12GB|256GB
4,2021-09-27,OnePlus,OnePlus 9 Pro 5G,Pine Green,8GB,128GB,4.3,64999.0,No,OnePlus 9 Pro 5G|Pine Green|8GB|128GB
5,2021-09-27,OnePlus,OnePlus 9 Pro 5G,Stellar Black,12GB,256GB,4.3,69999.0,No,OnePlus 9 Pro 5G|Stellar Black|12GB|256GB
6,2021-09-27,OnePlus,OnePlus 9 Pro 5G,Stellar Black,8GB,128GB,4.3,64999.0,No,OnePlus 9 Pro 5G|Stellar Black|8GB|128GB
7,2021-09-27,OnePlus,OnePlus 9R 5G,Carbon Black,12GB,256 GB,4.4,43999.0,No,OnePlus 9R 5G|Carbon Black|12GB|256 GB
8,2021-09-27,OnePlus,OnePlus 9R 5G,Carbon Black,8GB,128GB,4.4,39999.0,No,OnePlus 9R 5G|Carbon Black|8GB|128GB
9,2021-09-27,OnePlus,OnePlus 9R 5G,Lake Blue,12GB,256GB,4.4,43999.0,No,OnePlus 9R 5G|Lake Blue|12GB|256GB
10,2021-09-27,OnePlus,OnePlus 9R 5G,Lake Blue,8GB,128GB,4.4,39999.0,No,OnePlus 9R 5G|Lake Blue|8GB|128GB
11,2021-09-27,OnePlus,OnePlus Nord CE 5G,Blue Void,8GB,128GB,4.1,24999.0,No,OnePlus Nord CE 5G|Blue Void|8GB|128GB
12,2021-09-27,OnePlus,OnePlus Nord CE 5G,Charcoal Ink,8GB,128GB,4.1,24999.0,No,OnePlus Nord CE 5G|Charcoal Ink|8GB|128GB
13,2021-09-27,Redmi,Redmi 9,Carbon Black,4GB,64GB,4.2,9499.0,No,Redmi 9|Carbon Black|4GB|64GB
14,2021-09-27,Redmi,Redmi 9,Sky Blue,4GB,64GB,4.2,9499.0,No,Redmi 9|Sky Blue|4GB|64GB
15,2021-09-27,Redmi,Redmi 9,Sporty Orange,4GB,64GB,4.2,9499.0,No,Redmi 9|Sporty Orange|4GB|64GB
16,2021-09-27,Redmi,Redmi 9 Power,Blazing Blue,4GB,64GB,4.2,11499.0,No,Redmi 9 Power|Blazing Blue|4GB|64GB
17,2021-09-27,Redmi,Redmi 9 Power,Mighty Black,4GB,64GB,4.2,11499.0,No,Redmi 9 Power|Mighty Black|4GB|64GB
18,2021-09-27,Redmi,Redmi 9 Prime,Space Blue,4GB,64GB,4.3,10499.0,No,Redmi 9 Prime|Space Blue|4GB|64GB
19,2021-09-27,Redmi,Redmi 9A,Midnight Black,2GB,32GB,4.3,6999.0,No,Redmi 9A|Midnight Black|2GB|32GB
20,2021-09-27,Redmi,Redmi 9A,Nature Green,2GB,32GB,4.2,6999.0,No,Redmi 9A|Nature Green|2GB|32GB
21,2021-09-27,Redmi,Redmi 9A,Sea Blue,2GB,32GB,4.2,6999.0,No,Redmi 9A|Sea Blue|2GB|32GB
22,2021-09-27,Redmi,Redmi Note 10,Aqua Green,4GB,64GB,4.2,13999.0,No,Redmi Note 10|Aqua Green|4GB|64GB
23,2021-09-27,Redmi,Redmi Note 10 Pro,Dark Night,6GB,128GB,4.2,17999.0,No,Redmi Note 10 Pro|Dark Night|6GB|128GB
24,2021-09-27,Redmi,Redmi Note 10 Pro,Glacial Blue,6GB,128GB,4.2,17999.0,No,Redmi Note 10 Pro|Glacial Blue|6GB|128GB
25,2021-09-27,Redmi,Redmi Note 10 Pro Max,Dark Night,6GB,128GB,4.1,19999.0,No,Redmi Note 10 Pro Max|Dark Night|6GB|128GB
26,2021-09-27,Redmi,Redmi Note 10 Pro Max,Vintage Bronze,6GB,128GB,4.1,19999.0,No,Redmi Note 10 Pro Max|Vintage Bronze|6GB|128GB
27,2021-09-27,Redmi,Redmi Note 10S,Deep Sea Blue,6GB,64GB,4.1,14999.0,No,Redmi Note 10S|Deep Sea Blue|6GB|64GB
28,2021-09-27,Redmi,Redmi Note 10S,Frost White,6GB,128GB,4.1,16499.0,No,Redmi Note 10S|Frost White|6GB|128GB
29,2021-09-27,Redmi,Redmi Note 10S,Shadow Black,6GB,128GB,4.1,16499.0,No,Redmi Note 10S|Shadow Black|6GB|128GB
30,2021-09-27,Redmi,Redmi Note 8 Pro,Electric Blue,6GB,128GB,4.4,17990.0,No,Redmi Note 8 Pro|Electric Blue|6GB|128GB
31,2021-09-27,Redmi,Redmi Note 8 Pro,Electric Blue,6GB,64GB,4.4,16490.0,No,Redmi Note 8 Pro|Electric Blue|6GB|64GB
32,2021-09-27,Redmi,Redmi Note 8 Pro,Gamma Green,6GB,64GB,4.4,16490.0,No,Redmi Note 8 Pro|Gamma Green|6GB|64GB
33,2021-09-27,Redmi,Redmi Note 8 Pro,Gamma Green,8GB,128GB,4.4,19990.0,No,Redmi Note 8 Pro|Gamma Green|8GB|128GB
34,2021-09-27,Redmi,Redmi Note 8 Pro,Halo White,6GB,64GB,4.4,16490.0,No,Redmi Note 8 Pro|Halo White|6GB|64GB
35,2021-09-27,Redmi,Redmi Note 8 Pro,Shadow Black,6GB,128GB,4.4,17490.0,No,Redmi Note 8 Pro|Shadow Black|6GB|128GB
36,2021-09-27,Redmi,Redmi Note 8 Pro,Shadow Black,6GB,64GB,4.4,16789.0,No,Redmi Note 8 Pro|Shadow Black|6GB|64GB
37,2021-09-27,Redmi,Redmi Note 8 Pro,Shadow Black,8GB,128GB,4.4,17936.0,No,Redmi Note 8 Pro|Shadow Black|8GB|128GB
38,2021-09-27,Samsung,Samsung Galaxy A52,Black,6GB,128GB,4.3,27499.0,No,Samsung Galaxy A52|Black|6GB|128GB
39,2021-09-27,Samsung,Samsung Galaxy A52,Blue,8GB,128GB,4.3,30450.0,No,Samsung Galaxy A52|Blue|8GB|128GB
40,2021-09-27,Samsung,Samsung Galaxy Fold,Black,12GB,512GB,3.2,173999.0,No,Samsung Galaxy Fold|Black|12GB|512GB
41,2021-09-27,Samsung,Samsung Galaxy M12,Blue,4GB,64GB,4.1,11499.0,No,Samsung Galaxy M12|Blue|4GB|64GB
42,2021-09-27,Samsung,Samsung Galaxy M12,Blue,6GB,128GB,4.1,13499.0,No,Samsung Galaxy M12|Blue|6GB|128GB
43,2021-09-27,Samsung,Samsung Galaxy M21 2021 Edition,Arctic Blue,4GB,64GB,4.2,12999.0,Yes,Samsung Galaxy M21 2021 Edition|Arctic Blue|4GB|64GB
44,2021-09-27,Samsung,Samsung Galaxy M21 2021 Edition,Charcoal Black,4GB,64GB,4.2,12999.0,Yes,Samsung Galaxy M21 2021 Edition|Charcoal Black|4GB|64GB
45,2021-09-27,Samsung,Samsung Galaxy M31,Ocean Blue,8GB,128GB,4.2,16999.0,No,Samsung Galaxy M31|Ocean Blue|8GB|128GB
46,2021-09-27,Samsung,Samsung Galaxy M51,Celestial Black,6GB,128GB,4.4,19999.0,No,Samsung Galaxy M51|Celestial Black|6GB|128GB
47,2021-09-27,Samsung,Samsung Galaxy M51,Electric Blue,6GB,128GB,4.4,19999.0,No,Samsung Galaxy M51|Electric Blue|6GB|128GB
48,2021-09-27,Samsung,Samsung Galaxy Note 20 Ultra 5G,Mystic Black,12GB,256GB,4.0,79999.0,No,Samsung Galaxy Note 20 Ultra 5G|Mystic Black|12GB|256GB
49,2021-09-27,Samsung,Samsung Galaxy Note 20 Ultra 5G,Mystic Bronze,12GB,256GB,3.8,89750.0,No,Samsung Galaxy Note 20 Ultra 5G|Mystic Bronze|12GB|256GB
50,2021-09-27,Samsung,Samsung Galaxy Note 20 Ultra 5G with Snapdragon 865+,Mystic Black,12GB,256GB,5.0,95200.0,No,Samsung Galaxy Note 20 Ultra 5G with Snapdragon 865+|Mystic Black|12GB|256GB
51,2021-09-27,Samsung,Samsung Galaxy S10 Plus SM-G975FCWHINS,Ceramic White,12GB,1TB,4.5,59350.0,No,Samsung Galaxy S10 Plus SM-G975FCWHINS|Ceramic White|12GB|1TB
52,2021-09-27,Samsung,Samsung Galaxy S10+ Plus,Ceramic Black,12GB,1TB,4.5,64490.0,No,Samsung Galaxy S10+ Plus|Ceramic Black|12GB|1TB
53,2021-09-27,Samsung,Samsung Galaxy S20 +,Cosmic Gray,8GB,128GB,4.2,72990.0,No,Samsung Galaxy S20 +|Cosmic Gray|8GB|128GB
54,2021-09-27,Samsung,Samsung Galaxy S20 FE 5G,Cloud Green,8GB,128GB,4.5,50999.0,No,Samsung Galaxy S20 FE 5G|Cloud Green|8GB|128GB
55,2021-09-27,Samsung,Samsung Galaxy S20 FE 5G,Cloud Navy,8GB,128GB,4.4,50999.0,No,Samsung Galaxy S20 FE 5G|Cloud Navy|8GB|128GB
56,2021-09-27,Samsung,Samsung Galaxy S20 Ultra,Black,12GB,128GB,4.2,74300.0,No,Samsung Galaxy S20 Ultra|Black|12GB|128GB
57,2021-09-27,Samsung,Samsung Galaxy S20 Ultra,Cosmic Gray,12GB,128GB,4.3,79990.0,No,Samsung Galaxy S20 Ultra|Cosmic Gray|12GB|128GB
58,2021-09-27,Samsung,Samsung Galaxy S21 5G,Phantom Gray,8GB,128GB,4.3,69999.0,No,Samsung Galaxy S21 5G|Phantom Gray|8GB|128GB
59,2021-09-27,Samsung,Samsung Galaxy S21 Plus 5G,Phantom Silver,8GB,256GB,4.1,64999.0,No,Samsung Galaxy S21 Plus 5G|Phantom Silver|8GB|256GB
60,2021-09-27,Samsung,Samsung Galaxy S21 Ultra,Phantom Black,12GB,256GB,2.2,80000.0,No,Samsung Galaxy S21 Ultra|Phantom Black|12GB|256GB
61,2021-09-27,Samsung,Samsung Galaxy S21 Ultra,Phantom Black,16GB,512GB,4.3,128709.0,No,Samsung Galaxy S21 Ultra|Phantom Black|16GB|512GB
62,2021-09-27,Samsung,Samsung Galaxy Z Flip,Mirror Black,8GB,256GB,3.1,65999.0,No,Samsung Galaxy Z Flip|Mirror Black|8GB|256GB
63,2021-09-27,Samsung,Samsung Galaxy Z Flip,Purple,8GB,256GB,4.1,64990.0,No,Samsung Galaxy Z Flip|Purple|8GB|256GB
64,2021-09-27,Samsung,Samsung Galaxy Z Fold 2 5G with Snapdragon 865+ Single Sim,Mystic Bronze,12GB,256GB,3.5,118900.0,No,Samsung Galaxy Z Fold 2 5G with Snapdragon 865+ Single Sim|Mystic Bronze|12GB|256GB
65,2021-09-27,Samsung,Samsung Galaxy Z Fold3 5G,Phantom Black,12GB,256GB,4.0,149999.0,No,Samsung Galaxy Z Fold3 5G|Phantom Black|12GB|256GB
66,2021-09-27,Samsung,Samsung Galaxy Z Fold3 5G,Phantom Black,12GB,512GB,4.0,157999.0,No,Samsung Galaxy Z Fold3 5G|Phantom Black|12GB|512GB
67,2021-09-27,Samsung,Samsung Galaxy Z Fold3 5G,Phantom Green,12GB,256GB,4.0,149999.0,No,Samsung Galaxy Z Fold3 5G|Phantom Green|12GB|256GB
68,2021-09-27,Samsung,Samsung S21 Ultra 5G with Snapdragon 888,Phantom Black,12GB,256GB,4.4,106500.0,No,Samsung S21 Ultra 5G with Snapdragon 888|Phantom Black|12GB|256GB
69,2021-09-27,Samsung,Samsung S21 Ultra 5G with Snapdragon 888,Phantom Black,16GB,512GB,3.3,122300.0,No,Samsung S21 Ultra 5G with Snapdragon 888|Phantom Black|16GB|512GB
0,2021-09-28,iQOO,iQOO 7 5G,Monster Orange,12GB,256GB,4.5,35990.0,No,iQOO 7 5G|Monster Orange|12GB|256GB
1,2021-09-28,iQOO,iQOO 7 5G,Solid Ice Blue,12GB,256GB,4.5,35990.0,No,iQOO 7 5G|Solid Ice Blue|12GB|256GB
2,2021-09-28,iQOO,iQOO 7 5G,Solid Ice Blue,8GB,128GB,4.5,31990.0,No,iQOO 7 5G|Solid Ice Blue|8GB|128GB
3,2021-09-28,iQOO,iQOO 7 5G,Solid Ice Blue,8GB,256GB,4.5,33990.0,No,iQOO 7 5G|Solid Ice Blue|8GB|256GB
4,2021-09-28,iQOO,iQOO 7 5G,Storm Black,12GB,256GB,4.5,35990.0,No,iQOO 7 5G|Storm Black|12GB|256GB
5,2021-09-28,iQOO,iQOO 7 5G,Storm Black,8GB,128GB,4.5,31990.0,No,iQOO 7 5G|Storm Black|8GB|128GB
6,2021-09-28,iQOO,iQOO 7 5G,Storm Black,8GB,256GB,4.5,33990.0,No,iQOO 7 5G|Storm Black|8GB|256GB
7,2021-09-28,iQOO,iQOO 7 Legend 5G,Legendary Track Design,12GB,256GB,4.4,43990.0,No,iQOO 7 Legend 5G|Legendary Track Design|12GB|256GB
8,2021-09-28,iQOO,iQOO 7 Legend 5G,Legendary Track Design,8GB,128GB,4.4,39990.0,No,iQOO 7 Legend 5G|Legendary Track Design|8GB|128GB
9,2021-09-28,OnePlus,OnePlus 9 5G,Arctic Sky,12GB,256GB,4.2,54999.0,No,OnePlus 9 5G|Arctic Sky|12GB|256GB
10,2021-09-28,OnePlus,OnePlus 9 5G,Astral Black,12GB,256GB,4.2,54999.0,No,OnePlus 9 5G|Astral Black|12GB|256GB
11,2021-09-28,OnePlus,OnePlus 9 5G,Astral Black,8GB,128GB,4.2,49999.0,No,OnePlus 9 5G|Astral Black|8GB|128GB
12,2021-09-28,OnePlus,OnePlus 9 5G,Winter Mist,12GB,256GB,4.2,54999.0,No,OnePlus 9 5G|Winter Mist|12GB|256GB
13,2021-09-28,OnePlus,OnePlus 9 Pro 5G,Pine Green,12GB,256GB,4.3,69999.0,No,OnePlus 9 Pro 5G|Pine Green|12GB|256GB
14,2021-09-28,OnePlus,OnePlus 9 Pro 5G,Pine Green,8GB,128GB,4.3,64999.0,No,OnePlus 9 Pro 5G|Pine Green|8GB|128GB
15,2021-09-28,OnePlus,OnePlus 9R 5G,Lake Blue,12GB,256GB,4.4,43999.0,No,OnePlus 9R 5G|Lake Blue|12GB|256GB
16,2021-09-28,OnePlus,OnePlus 9R 5G,Lake Blue,8GB,128GB,4.4,39999.0,No,OnePlus 9R 5G|Lake Blue|8GB|128GB
17,2021-09-28,OnePlus,OnePlus Nord 2 5G,Blue Haze,8GB,128GB,4.3,29999.0,No,OnePlus Nord 2 5G|Blue Haze|8GB|128GB
18,2021-09-28,OnePlus,OnePlus Nord 2 5G,Gray Sierra,8GB,128GB,4.3,29999.0,No,OnePlus Nord 2 5G|Gray Sierra|8GB|128GB
19,2021-09-28,OnePlus,OnePlus Nord CE 5G,Blue Void,8GB,128GB,4.1,24999.0,No,OnePlus Nord CE 5G|Blue Void|8GB|128GB
20,2021-09-28,OnePlus,OnePlus Nord CE 5G,Charcoal Ink,8GB,128GB,4.1,24999.0,No,OnePlus Nord CE 5G|Charcoal Ink|8GB|128GB
21,2021-09-28,OPPO,OPPO A15s,Dynamic Black,4GB,64GB,4.2,12900.0,No,OPPO A15s|Dynamic Black|4GB|64GB
22,2021-09-28,OPPO,OPPO A15s,Dynamic Black,4GB,64GB,4.2,12990.0,No,OPPO A15s|Dynamic Black|4GB|64GB
23,2021-09-28,OPPO,OPPO A15s,Fancy White,4GB,64GB,4.2,12990.0,No,OPPO A15s|Fancy White|4GB|64GB
24,2021-09-28,OPPO,OPPO A15s,Rainbow Silver,4GB,64GB,4.2,12990.0,No,OPPO A15s|Rainbow Silver|4GB|64GB
25,2021-09-28,OPPO,OPPO A15s,White,4GB,64GB,4.2,12900.0,No,OPPO A15s|White|4GB|64GB
26,2021-09-28,OPPO,OPPO A15s,White,4GB,64GB,4.2,13389.0,No,OPPO A15s|White|4GB|64GB
27,2021-09-28,OPPO,OPPO A52,Stream White,4GB,128GB,4.2,17000.0,No,OPPO A52|Stream White|4GB|128GB
28,2021-09-28,OPPO,OPPO F17 Pro,Magic Blue,8GB,128GB,4.2,19990.0,No,OPPO F17 Pro|Magic Blue|8GB|128GB
29,2021-09-28,OPPO,OPPO F17 Pro,Metallic White,8GB,128GB,4.2,17990.0,No,OPPO F17 Pro|Metallic White|8GB|128GB
30,2021-09-28,OPPO,OPPO F19 Pro,Crystal Silver,8GB,128GB,4.2,21990.0,No,OPPO F19 Pro|Crystal Silver|8GB|128GB
31,2021-09-28,OPPO,OPPO F19 Pro,Fluid Black,8GB,128GB,4.2,21990.0,No,OPPO F19 Pro|Fluid Black|8GB|128GB
32,2021-09-28,OPPO,OPPO F19 Pro+ 5G,Fluid Black,8GB,128GB,4.2,25990.0,No,OPPO F19 Pro+ 5G|Fluid Black|8GB|128GB
33,2021-09-28,OPPO,OPPO F19 Pro+ 5G,Space Silver,8GB,128GB,4.2,25990.0,No,OPPO F19 Pro+ 5G|Space Silver|8GB|128GB
34,2021-09-28,OPPO,OPPOA53,Fancy Blue,4GB,64GB,4.2,12999.0,No,OPPOA53|Fancy Blue|4GB|64GB
35,2021-09-28,OPPO,OPPOA53,Fancy Blue,4GB,64GB,4.2,14899.0,No,OPPOA53|Fancy Blue|4GB|64GB
36,2021-09-28,Realme,Realme 3,Dynamic Black,3GB,32GB,4.2,10900.0,No,Realme 3|Dynamic Black|3GB|32GB
37,2021-09-28,Realme,Realme 3,Dynamic Black,3GB,64GB,4.2,11999.0,No,Realme 3|Dynamic Black|3GB|64GB
38,2021-09-28,Realme,Realme 7,Mist Blue,8GB,128GB,4.2,17999.0,No,Realme 7|Mist Blue|8GB|128GB
39,2021-09-28,Realme,realme C11,Cool Blue,2GB,32GB,4.1,7299.0,No,realme C11|Cool Blue|2GB|32GB
40,2021-09-28,Realme,realme C11,Cool Grey,2GB,32GB,4.1,7299.0,No,realme C11|Cool Grey|2GB|32GB
41,2021-09-28,Realme,realme narzo 30,Racing Sliver,4GB,64GB,4.1,13499.0,No,realme narzo 30|Racing Sliver|4GB|64GB
42,2021-09-28,Realme,Realme narzo 30 Pro,Sword Black,8GB,128GB,4.2,21900.0,No,Realme narzo 30 Pro|Sword Black|8GB|128GB
43,2021-09-28,Realme,Realme X7,Nebula,8GB,128GB,4.2,24990.0,No,Realme X7|Nebula|8GB|128GB
0,2021-09-29,Mi,Mi 10,Coral Green,8GB,128GB,4.0,49999.0,No,Mi 10|Coral Green|8GB|128GB
1,2021-09-29,Mi,Mi 10,Coral Green,8GB,256GB,4.0,54999.0,No,Mi 10|Coral Green|8GB|256GB
2,2021-09-29,Mi,Mi 10i 5G,Atlantic Blue,6GB,128GB,4.2,21999.0,No,Mi 10i 5G|Atlantic Blue|6GB|128GB
3,2021-09-29,Mi,Mi 10i 5G,Midnight Black,6GB,128GB,4.2,21999.0,No,Mi 10i 5G|Midnight Black|6GB|128GB
4,2021-09-29,Mi,MI 10T 5G,Cosmic Black,8GB,128GB,4.2,34999.0,No,MI 10T 5G|Cosmic Black|8GB|128GB
5,2021-09-29,Mi,MI 10T Pro 5G,Cosmic Black,8GB,128GB,4.1,36999.0,No,MI 10T Pro 5G|Cosmic Black|8GB|128GB
6,2021-09-29,Mi,Mi 11X 5G,Cosmic Black,8GB,128GB,4.1,31999.0,No,Mi 11X 5G|Cosmic Black|8GB|128GB
7,2021-09-29,Mi,Mi 11X Pro 5G,Celestial Silver,8GB,128GB,3.9,39999.0,No,Mi 11X Pro 5G|Celestial Silver|8GB|128GB
8,2021-09-29,Mi,Mi 11X Pro 5G,Celestial Silver,8GB,256GB,3.9,41999.0,No,Mi 11X Pro 5G|Celestial Silver|8GB|256GB
9,2021-09-29,Mi,Mi 11X Pro 5G,Cosmic Black,8GB,128GB,3.9,39999.0,No,Mi 11X Pro 5G|Cosmic Black|8GB|128GB
10,2021-09-29,Mi,Mi 11X Pro 5G,Cosmic Black,8GB,256GB,3.9,41999.0,No,Mi 11X Pro 5G|Cosmic Black|8GB|256GB
11,2021-09-29,Mi,Mi 11X Pro 5G,Lunar White,8GB,128GB,3.9,39999.0,No,Mi 11X Pro 5G|Lunar White|8GB|128GB
12,2021-09-29,Mi,Mi 11X Pro 5G,Lunar White,8GB,256GB,3.9,41999.0,No,Mi 11X Pro 5G|Lunar White|8GB|256GB
13,2021-09-29,Redmi,Redmi 9 Power,Electric Green,6GB,128GB,4.2,13499.0,No,Redmi 9 Power|Electric Green|6GB|128GB
14,2021-09-29,Redmi,Redmi 9 Power,Fiery Red,4GB,64GB,4.2,11499.0,No,Redmi 9 Power|Fiery Red|4GB|64GB
15,2021-09-29,Redmi,Redmi 9 Power,Fiery Red,6GB,128GB,4.2,13499.0,No,Redmi 9 Power|Fiery Red|6GB|128GB
16,2021-09-29,Redmi,Redmi 9 Prime,Sunrise Flare,4GB,64GB,4.3,10499.0,No,Redmi 9 Prime|Sunrise Flare|4GB|64GB
17,2021-09-29,Redmi,Redmi 9A,Midnight Black,2GB,32GB,4.3,6999.0,No,Redmi 9A|Midnight Black|2GB|32GB
18,2021-09-29,Redmi,Redmi 9A,Midnight Black,3GB,32GB,4.2,7999.0,No,Redmi 9A|Midnight Black|3GB|32GB
19,2021-09-29,Redmi,Redmi 9A,Nature Green,3GB,32GB,4.2,7999.0,No,Redmi 9A|Nature Green|3GB|32GB
20,2021-09-29,Redmi,Redmi Note 10,Frost White,4GB,64GB,4.2,13999.0,No,Redmi Note 10|Frost White|4GB|64GB
21,2021-09-29,Redmi,Redmi Note 10,Shadow Black,4GB,64GB,4.2,13999.0,No,Redmi Note 10|Shadow Black|4GB|64GB
22,2021-09-29,Redmi,Redmi Note 10 Pro,Vintage Bronze,6GB,128GB,4.2,17999.0,No,Redmi Note 10 Pro|Vintage Bronze|6GB|128GB
23,2021-09-29,Redmi,Redmi Note 10 Pro Max,Dark Night,8GB,128GB,4.1,21999.0,No,Redmi Note 10 Pro Max|Dark Night|8GB|128GB
24,2021-09-29,Redmi,Redmi Note 10 Pro Max,Glacial Blue,6GB,128GB,4.1,19999.0,No,Redmi Note 10 Pro Max|Glacial Blue|6GB|128GB
25,2021-09-29,Redmi,Redmi Note 10S,Cosmic Purple,6GB,128GB,4.1,16499.0,No,Redmi Note 10S|Cosmic Purple|6GB|128GB
26,2021-09-29,Redmi,Redmi Note 10S,Frost White,6GB,64GB,4.1,14999.0,No,Redmi Note 10S|Frost White|6GB|64GB
27,2021-09-29,Redmi,Redmi Note 10T 5G,Graphite Black,4GB,64GB,4.1,14999.0,No,Redmi Note 10T 5G|Graphite Black|4GB|64GB
28,2021-09-29,Redmi,Redmi Note 10T 5G,Metallic Blue,4GB,64GB,4.1,14999.0,No,Redmi Note 10T 5G|Metallic Blue|4GB|64GB
29,2021-09-29,Redmi,Redmi Note 10T 5G,Metallic Blue,6GB,128GB,4.1,16999.0,No,Redmi Note 10T 5G|Metallic Blue|6GB|128GB
30,2021-09-29,Redmi,Redmi Note 8 Pro,Electric Blue,6GB,64GB,4.4,16490.0,No,Redmi Note 8 Pro|Electric Blue|6GB|64GB
31,2021-09-29,Redmi,Redmi Note 8 Pro,Gamma Green,6GB,64GB,4.4,15990.0,No,Redmi Note 8 Pro|Gamma Green|6GB|64GB
32,2021-09-29,Redmi,Redmi Note 8 Pro,Halo White,6GB,128GB,4.4,17490.0,No,Redmi Note 8 Pro|Halo White|6GB|128GB
33,2021-09-29,Redmi,Redmi Note 8 Pro,Halo White,6GB,64GB,4.4,15890.0,No,Redmi Note 8 Pro|Halo White|6GB|64GB
34,2021-09-29,Redmi,Redmi Note 8 Pro,Shadow Black,6GB,128GB,4.4,17490.0,No,Redmi Note 8 Pro|Shadow Black|6GB|128GB
35,2021-09-29,Redmi,Redmi Note 8 Pro,Shadow Black,6GB,64GB,4.4,15980.0,No,Redmi Note 8 Pro|Shadow Black|6GB|64GB
36,2021-09-29,Redmi,Redmi Note 8 Pro,Shadow Black,8GB,128GB,4.4,17934.0,No,Redmi Note 8 Pro|Shadow Black|8GB|128GB
37,2021-09-29,Redmi,Redmi Note 9,Aqua Green,4GB,64GB,4.3,11999.0,No,Redmi Note 9|Aqua Green|4GB|64GB
38,2021-09-29,Redmi,Redmi Note 9 Pro,Glacier White,4GB,64GB,4.3,13999.0,No,Redmi Note 9 Pro|Glacier White|4GB|64GB
39,2021-09-29,Tecno,Tecno Camon iAir2+,Gold,2GB,32GB,5.0,8930.0,No,Tecno Camon iAir2+|Gold|2GB|32GB
40,2021-09-29,Tecno,Tecno POVA 2,Dazzle Black,6GB,128GB,4.1,13499.0,No,Tecno POVA 2|Dazzle Black|6GB|128GB
41,2021-09-29,Tecno,Tecno POVA 2,Energy Blue,4GB,64GB,4.1,10999.0,No,Tecno POVA 2|Energy Blue|4GB|64GB
42,2021-09-29,Tecno,Tecno POVA 2,Polar Silver,4GB,64GB,4.1,10999.0,No,Tecno POVA 2|Polar Silver|4GB|64GB
43,2021-09-29,Tecno,Tecno Spark 7T,Magnet Black,4GB,64GB,4.0,9499.0,No,Tecno Spark 7T|Magnet Black|4GB|64GB
44,2021-09-29,Vivo,Vivo S1,Diamond Black,4GB,128GB,4.4,18990.0,No,Vivo S1|Diamond Black|4GB|128GB
45,2021-09-29,Vivo,Vivo S1,Skyline Blue,4GB,128GB,4.4,14999.0,No,Vivo S1|Skyline Blue|4GB|128GB
46,2021-09-29,Vivo,Vivo S1,Skyline Blue,6GB,64GB,4.4,17490.0,No,Vivo S1|Skyline Blue|6GB|64GB
47,2021-09-29,Vivo,Vivo V11 Pro,Dazzling Gold,6GB,64GB,4.4,28990.0,No,Vivo V11 Pro|Dazzling Gold|6GB|64GB
48,2021-09-29,Vivo,Vivo V11 Pro,Starry Night Black,6GB,64GB,4.4,28990.0,No,Vivo V11 Pro|Starry Night Black|6GB|64GB
49,2021-09-29,Vivo,Vivo V11 Pro 1804,Supernova Red,6GB,64GB,4.4,28990.0,No,Vivo V11 Pro 1804|Supernova Red|6GB|64GB
50,2021-09-29,Vivo,Vivo V17,Glacier Ice,8GB,128GB,4.4,20490.0,No,Vivo V17|Glacier Ice|8GB|128GB
51,2021-09-29,Vivo,Vivo V17,Midnight Ocean,8GB,128GB,4.4,21990.0,No,Vivo V17|Midnight Ocean|8GB|128GB
52,2021-09-29,Vivo,Vivo V19,Mystic Silver,8GB,256GB,4.4,24990.0,No,Vivo V19|Mystic Silver|8GB|256GB
53,2021-09-29,Vivo,Vivo V19,Mystic Silver,8GB,256GB,4.4,33999.0,No,Vivo V19|Mystic Silver|8GB|256GB
54,2021-09-29,Vivo,Vivo V19,Piano Black,8GB,128GB,4.4,23487.0,No,Vivo V19|Piano Black|8GB|128GB
55,2021-09-29,Vivo,Vivo V19,Piano Black,8GB,256GB,4.4,24990.0,No,Vivo V19|Piano Black|8GB|256GB
56,2021-09-29,Vivo,Vivo V20 SE,Aquamarine Green,8GB,128GB,4.4,18990.0,No,Vivo V20 SE|Aquamarine Green|8GB|128GB
57,2021-09-29,Vivo,Vivo V21 5G,Dusk Blue,8GB,256GB,4.3,32990.0,No,Vivo V21 5G|Dusk Blue|8GB|256GB
58,2021-09-29,Vivo,Vivo V21 5G,Sunset Dazzle,8GB,256GB,4.2,32990.0,No,Vivo V21 5G|Sunset Dazzle|8GB|256GB
59,2021-09-29,Vivo,Vivo VZ1 Pro,Sonic Blue,4GB,64GB,4.4,11800.0,No,Vivo VZ1 Pro|Sonic Blue|4GB|64GB
60,2021-09-29,Vivo,Vivo X50,Frost Blue,8GB,256GB,4.3,37990.0,No,Vivo X50|Frost Blue|8GB|256GB
61,2021-09-29,Vivo,Vivo X50,Glaze Black,8GB,128GB,4.3,34990.0,No,Vivo X50|Glaze Black|8GB|128GB
62,2021-09-29,Vivo,Vivo X50,Glaze Black,8GB,128GB,4.3,36000.0,No,Vivo X50|Glaze Black|8GB|128GB
63,2021-09-29,Vivo,Vivo X50,Glaze Black,8GB,256GB,4.3,37990.0,No,Vivo X50|Glaze Black|8GB|256GB
64,2021-09-29,Vivo,Vivo X60,Midnight Black,12GB,256GB,4.3,39990.0,No,Vivo X60|Midnight Black|12GB|256GB
65,2021-09-29,Vivo,Vivo X60,Midnight Black,8GB,128GB,4.3,34990.0,No,Vivo X60|Midnight Black|8GB|128GB
66,2021-09-29,Vivo,Vivo X60,Shimmer Blue,12GB,256GB,4.3,39990.0,No,Vivo X60|Shimmer Blue|12GB|256GB
67,2021-09-29,Vivo,Vivo X60,Shimmer Blue,8GB,128GB,4.3,34990.0,No,Vivo X60|Shimmer Blue|8GB|128GB
68,2021-09-29,Vivo,Vivo Y73,Diamond Flare,8GB,128GB,4.4,20990.0,No,Vivo Y73|Diamond Flare|8GB|128GB
0,2021-09-30,OnePlus,OnePlus 7T,Glacier Blue,12GB,256GB,4.5,39999.0,No,OnePlus 7T|Glacier Blue|12GB|256GB
1,2021-09-30,OnePlus,OnePlus 8,Glacial Green,6GB,128GB,4.4,39999.0,No,OnePlus 8|Glacial Green|6GB|128GB
2,2021-09-30,OnePlus,OnePlus 8T 5G,Aquamarine Green,8GB,128GB,4.4,38999.0,No,OnePlus 8T 5G|Aquamarine Green|8GB|128GB
3,2021-09-30,OnePlus,OnePlus 8T 5G,Lunar Silver,8GB,128GB,4.4,38999.0,No,OnePlus 8T 5G|Lunar Silver|8GB|128GB
4,2021-09-30,OnePlus,OnePlus 9R 5G,Carbon Black,12GB,256 GB,4.4,43999.0,No,OnePlus 9R 5G|Carbon Black|12GB|256 GB
5,2021-09-30,OnePlus,OnePlus 9R 5G,Carbon Black,8GB,128GB,4.4,39999.0,No,OnePlus 9R 5G|Carbon Black|8GB|128GB
6,2021-09-30,OnePlus,OnePlus 9R 5G,Lake Blue,8GB,128GB,4.4,39999.0,No,OnePlus 9R 5G|Lake Blue|8GB|128GB
7,2021-09-30,OnePlus,OnePlus Nord 2 5G,Blue Haze,12GB,256GB,4.3,34999.0,No,OnePlus Nord 2 5G|Blue Haze|12GB|256GB
8,2021-09-30,OnePlus,OnePlus Nord 2 5G,Blue Haze,8GB,128GB,4.3,29999.0,No,OnePlus Nord 2 5G|Blue Haze|8GB|128GB
9,2021-09-30,OnePlus,OnePlus Nord 2 5G,Gray Sierra,12GB,256GB,4.3,34999.0,No,OnePlus Nord 2 5G|Gray Sierra|12GB|256GB
10,2021-09-30,OnePlus,OnePlus Nord 2 5G,Gray Sierra,8GB,128GB,4.3,29999.0,No,OnePlus Nord 2 5G|Gray Sierra|8GB|128GB
11,2021-09-30,OnePlus,OnePlus Nord 2 5G,Green Woods,12GB,256GB,4.3,34999.0,No,OnePlus Nord 2 5G|Green Woods|12GB|256GB
12,2021-09-30,realme,realme U1,Ambitious Black,4GB,64GB,4.3,15499.0,No,realme U1|Ambitious Black|4GB|64GB
13,2021-09-30,realme,realme U1,Brave Blue,4GB,64GB,4.3,9999.0,No,realme U1|Brave Blue|4GB|64GB
14,2021-09-30,Samsung,Samsung Galaxy A71,Prism Crush Black,8GB,128GB,4.4,27499.0,No,Samsung Galaxy A71|Prism Crush Black|8GB|128GB
15,2021-09-30,Samsung,Samsung Galaxy M21 2021 Edition,Charcoal black,6GB,128GB,4.2,14999.0,Yes,Samsung Galaxy M21 2021 Edition|Charcoal black|6GB|128GB
16,2021-09-30,Samsung,Samsung Galaxy M51,Celestial Black,6GB,128GB,4.4,19999.0,No,Samsung Galaxy M51|Celestial Black|6GB|128GB
17,2021-09-30,Samsung,Samsung Galaxy M51,Electric Blue,6GB,128GB,4.4,19999.0,No,Samsung Galaxy M51|Electric Blue|6GB|128GB
18,2021-09-30,Samsung,Samsung Galaxy Note 10,Aura Red,8GB,256GB,4.4,59999.0,No,Samsung Galaxy Note 10|Aura Red|8GB|256GB
19,2021-09-30,Samsung,Samsung Galaxy Note 9,Ocean Blue,8GB,512GB,4.4,53950.0,No,Samsung Galaxy Note 9|Ocean Blue|8GB|512GB
20,2021-09-30,Samsung,Samsung Galaxy S10 Plus SM-G975FCWHINS,Ceramic White,12GB,1TB,4.5,63240.0,No,Samsung Galaxy S10 Plus SM-G975FCWHINS|Ceramic White|12GB|1TB
21,2021-09-30,Samsung,Samsung Galaxy S20 FE 5G,Cloud Green,8GB,128GB,4.5,50999.0,No,Samsung Galaxy S20 FE 5G|Cloud Green|8GB|128GB
22,2021-09-30,Samsung,Samsung Galaxy S20 FE 5G,Cloud Navy,8GB,128GB,4.4,50999.0,No,Samsung Galaxy S20 FE 5G|Cloud Navy|8GB|128GB
23,2021-09-30,Samsung,Samsung Galaxy Z Fold2 5G,Mystic Black,12GB,256GB,4.6,134999.0,No,Samsung Galaxy Z Fold2 5G|Mystic Black|12GB|256GB
24,2021-09-30,Tecno,Tecno Camon 17,Frost Silver,6GB,128GB,3.8,13999.0,No,Tecno Camon 17|Frost Silver|6GB|128GB
25,2021-09-30,Tecno,Tecno Camon 17,Frost Silver,6GB,128GB,3.8,15998.0,No,Tecno Camon 17|Frost Silver|6GB|128GB
26,2021-09-30,Tecno,Tecno Camon 17,Magnet Black,6GB,128GB,3.8,13999.0,No,Tecno Camon 17|Magnet Black|6GB|128GB
27,2021-09-30,Tecno,Tecno Camon 17,Magnet Black,6GB,128GB,3.8,15998.0,No,Tecno Camon 17|Magnet Black|6GB|128GB
28,2021-09-30,Tecno,Tecno Camon 17,Spruce Green,6GB,128GB,3.8,13999.0,No,Tecno Camon 17|Spruce Green|6GB|128GB
29,2021-09-30,Tecno,Tecno Camon 17,Spruce Green,6GB,128GB,3.8,15998.0,No,Tecno Camon 17|Spruce Green|6GB|128GB
30,2021-09-30,Tecno,Tecno Camon 17 Pro,Arctic Down,8GB,128GB,4.0,16999.0,No,Tecno Camon 17 Pro|Arctic Down|8GB|128GB
31,2021-09-30,Tecno,Tecno Camon iAir2+,Gold,2GB,32GB,5.0,8930.0,No,Tecno Camon iAir2+|Gold|2GB|32GB
32,2021-09-30,Tecno,Tecno Mobile I5 Pro,Champagne Gold,3GB,32GB,4.0,12590.0,No,Tecno Mobile I5 Pro|Champagne Gold|3GB|32GB
33,2021-09-30,Tecno,TECNO MOBILES I7,Grey,4GB,32GB,3.6,14490.0,No,TECNO MOBILES I7|Grey|4GB|32GB
34,2021-09-30,Tecno,TECNO MOBILES Tecno I5 Pro,Midnight Black,3GB,32GB,3.6,13861.0,No,TECNO MOBILES Tecno I5 Pro|Midnight Black|3GB|32GB
35,2021-09-30,Tecno,Tecno Pova,Magic Blue,6GB,128GB,1.0,12498.0,No,Tecno Pova|Magic Blue|6GB|128GB
36,2021-09-30,Tecno,TECNO POVA 2,Dazzle Black,6GB,128GB,4.1,13499.0,No,TECNO POVA 2|Dazzle Black|6GB|128GB
37,2021-09-30,Tecno,TECNO POVA 2,Dazzle Black,6GB,128GB,4.1,15498.0,No,TECNO POVA 2|Dazzle Black|6GB|128GB
38,2021-09-30,Tecno,TECNO POVA 2,Energy Blue,4GB,64GB,3.9,12998.0,No,TECNO POVA 2|Energy Blue|4GB|64GB
39,2021-09-30,Tecno,TECNO POVA 2,Polar Silver,4GB,64GB,1.0,12998.0,No,TECNO POVA 2|Polar Silver|4GB|64GB
40,2021-09-30,Tecno,Tecno Spark 7 Pro,Alps Blue,6GB,64GB,3.0,12499.0,No,Tecno Spark 7 Pro|Alps Blue|6GB|64GB
41,2021-09-30,Tecno,Tecno Spark 7 Pro,Alps Blue,6GB,64GB,3.9,13074.0,No,Tecno Spark 7 Pro|Alps Blue|6GB|64GB
42,2021-09-30,Tecno,Tecno Spark 7 Pro,Magnet Black,6GB,64GB,2.0,12499.0,No,Tecno Spark 7 Pro|Magnet Black|6GB|64GB
43,2021-09-30,Tecno,Tecno Spark 7 Pro,Magnet Black,6GB,64GB,3.9,13074.0,No,Tecno Spark 7 Pro|Magnet Black|6GB|64GB
44,2021-09-30,Tecno,Tecno Spark 7 Pro,Spruce Green,6GB,64GB,1.0,12799.0,No,Tecno Spark 7 Pro|Spruce Green|6GB|64GB
45,2021-09-30,Tecno,TECNO Spark 7T,Jewel Blue,4GB,128GB,3.9,12598.0,No,TECNO Spark 7T|Jewel Blue|4GB|128GB
46,2021-09-30,Tecno,TECNO Spark 7T,Magnet Black,4GB,128GB,3.9,12598.0,No,TECNO Spark 7T|Magnet Black|4GB|128GB
47,2021-09-30,Tecno,TECNO Spark 7T,Nebula Orange,4GB,128GB,4.0,12598.0,No,TECNO Spark 7T|Nebula Orange|4GB|128GB
